Uid,Sid,Key,Time,Category,Value,UpdateTime
6598522265,xiaomisports_app,outdoor_walking,1681628708,walking,"{""time"":1681628708,""timezone"":4,""version"":1,""start_time"":1681628708,""end_time"":1681631120,""proto_type"":2,""sport_type"":2,""duration"":2411,""distance"":7076,""calories"":524,""max_pace"":116,""min_pace"":3846,""avg_pace"":340,""max_speed"":30.7764,""steps"":5682,""max_cadence"":0,""avg_cadence"":145,""avg_hrm"":137,""max_hrm"":175,""min_hrm"":90,""rise_height"":0,""fall_height"":0,""avg_height"":0,""max_height"":0,""min_height"":0}",1684697165
6598522265,xiaomisports_app,outdoor_running,1681662114,running,"{""time"":1681662114,""timezone"":4,""version"":1,""start_time"":1681662114,""end_time"":1681664547,""proto_type"":1,""sport_type"":1,""duration"":2432,""distance"":7113,""calories"":566,""max_pace"":205,""min_pace"":2164,""avg_pace"":341,""max_speed"":17.5284,""steps"":5829,""max_cadence"":9960,""avg_cadence"":144,""avg_hrm"":172,""max_hrm"":191,""min_hrm"":110,""rise_height"":0,""fall_height"":0,""avg_height"":127,""max_height"":127,""min_height"":127}",1684697164
6598522265,xiaomisports_app,outdoor_running,1681740651,running,"{""time"":1681740651,""timezone"":4,""version"":1,""start_time"":1681740651,""end_time"":1681741873,""proto_type"":1,""sport_type"":1,""duration"":1209,""distance"":3733,""calories"":281,""max_pace"":214,""min_pace"":2493,""avg_pace"":323,""max_speed"":16.8192,""steps"":2933,""max_cadence"":0,""avg_cadence"":146,""avg_hrm"":161,""max_hrm"":178,""min_hrm"":108,""rise_height"":0,""fall_height"":0,""avg_height"":0,""max_height"":0,""min_height"":0}",1684697163
6598522265,xiaomisports_app,outdoor_running,1681742010,running,"{""time"":1681742010,""timezone"":4,""version"":1,""start_time"":1681742010,""end_time"":1681743125,""proto_type"":1,""sport_type"":1,""duration"":2439,""distance"":3268,""calories"":229,""max_pace"":206,""min_pace"":4201,""avg_pace"":316,""max_speed"":17.424002,""steps"":2543,""max_cadence"":0,""avg_cadence"":148,""avg_hrm"":146,""max_hrm"":173,""min_hrm"":103,""rise_height"":0,""fall_height"":0,""avg_height"":0,""max_height"":0,""min_height"":0}",1684697163
6598522265,xiaomisports_app,outdoor_running,1681801537,running,"{""time"":1681801537,""timezone"":4,""version"":1,""start_time"":1681801537,""end_time"":1681803769,""proto_type"":1,""sport_type"":1,""duration"":63082,""distance"":7041,""calories"":505,""max_pace"":178,""min_pace"":4219,""avg_pace"":8958,""max_speed"":20.199602,""steps"":5550,""max_cadence"":0,""avg_cadence"":152,""avg_hrm"":158,""max_hrm"":186,""min_hrm"":75,""rise_height"":0,""fall_height"":0,""avg_height"":0,""max_height"":0,""min_height"":0}",1684697163
6598522265,xiaomisports_app,outdoor_running,1681886924,running,"{""time"":1681886924,""timezone"":4,""version"":1,""start_time"":1681886924,""end_time"":1681888286,""proto_type"":1,""sport_type"":1,""duration"":1299,""distance"":4033,""calories"":286,""max_pace"":214,""min_pace"":2044,""avg_pace"":322,""max_speed"":16.812,""steps"":3224,""max_cadence"":10440,""avg_cadence"":150,""avg_hrm"":163,""max_hrm"":179,""min_hrm"":100,""rise_height"":0,""fall_height"":0,""avg_height"":133.5,""max_height"":138,""min_height"":129}",1684697162
6598522265,xiaomisports_app,outdoor_running,1681918069,running,"{""time"":1681918069,""timezone"":4,""version"":1,""start_time"":1681918069,""end_time"":1681920395,""proto_type"":1,""sport_type"":1,""duration"":2294,""distance"":6915,""calories"":500,""max_pace"":182,""min_pace"":2040,""avg_pace"":331,""max_speed"":19.6776,""steps"":5809,""max_cadence"":10440,""avg_cadence"":152,""avg_hrm"":147,""max_hrm"":173,""min_hrm"":89,""rise_height"":0,""fall_height"":0,""avg_height"":140,""max_height"":141,""min_height"":139}",1684697161
6598522265,xiaomisports_app,outdoor_running,1681972774,running,"{""time"":1681972774,""timezone"":4,""version"":1,""start_time"":1681972774,""end_time"":1681975114,""proto_type"":1,""sport_type"":1,""duration"":2339,""distance"":7159,""calories"":526,""max_pace"":193,""min_pace"":3508,""avg_pace"":326,""max_speed"":18.576,""steps"":5937,""max_cadence"":0,""avg_cadence"":152,""avg_hrm"":164,""max_hrm"":191,""min_hrm"":70,""rise_height"":0,""fall_height"":0,""avg_height"":0,""max_height"":0,""min_height"":0}",1684697160
6598522265,xiaomisports_app,outdoor_running,1682006606,running,"{""time"":1682006606,""timezone"":4,""version"":1,""start_time"":1682006606,""end_time"":1682009070,""proto_type"":1,""sport_type"":1,""duration"":2172,""distance"":6504,""calories"":496,""max_pace"":186,""min_pace"":6944,""avg_pace"":333,""max_speed"":19.2744,""steps"":5482,""max_cadence"":10800,""avg_cadence"":156,""avg_hrm"":165,""max_hrm"":179,""min_hrm"":125,""rise_height"":0,""fall_height"":0,""avg_height"":137,""max_height"":143,""min_height"":131}",1684697160
6598522265,xiaomisports_app,outdoor_running,1682058842,running,"{""time"":1682058842,""timezone"":4,""version"":1,""start_time"":1682058842,""end_time"":1682061188,""proto_type"":1,""sport_type"":1,""duration"":2321,""distance"":7139,""calories"":521,""max_pace"":203,""min_pace"":3875,""avg_pace"":325,""max_speed"":17.712,""steps"":5980,""max_cadence"":10680,""avg_cadence"":155,""avg_hrm"":161,""max_hrm"":182,""min_hrm"":84,""rise_height"":0,""fall_height"":0,""avg_height"":141,""max_height"":141,""min_height"":141}",1684697158
6598522265,xiaomisports_app,outdoor_running,1682144114,running,"{""time"":1682144114,""timezone"":4,""version"":1,""start_time"":1682144114,""end_time"":1682146492,""proto_type"":1,""sport_type"":1,""duration"":2375,""distance"":7148,""calories"":533,""max_pace"":179,""min_pace"":3144,""avg_pace"":332,""max_speed"":20.091599,""steps"":5991,""max_cadence"":10800,""avg_cadence"":153,""avg_hrm"":160,""max_hrm"":177,""min_hrm"":96,""rise_height"":0,""fall_height"":0,""avg_height"":142.5,""max_height"":148,""min_height"":137}",1684697157
6598522265,xiaomisports_app,outdoor_running,1682230016,running,"{""time"":1682230016,""timezone"":4,""version"":1,""start_time"":1682230016,""end_time"":1682232276,""proto_type"":1,""sport_type"":1,""duration"":2252,""distance"":7097,""calories"":560,""max_pace"":179,""min_pace"":2169,""avg_pace"":317,""max_speed"":20.077202,""steps"":5636,""max_cadence"":0,""avg_cadence"":150,""rise_height"":0,""fall_height"":0,""avg_height"":0,""max_height"":0,""min_height"":0}",1684697157
6598522265,xiaomisports_app,outdoor_running,1682255738,running,"{""time"":1682255738,""timezone"":4,""version"":1,""start_time"":1682255738,""end_time"":1682257083,""proto_type"":1,""sport_type"":1,""duration"":1204,""distance"":3628,""calories"":267,""max_pace"":218,""min_pace"":3256,""avg_pace"":331,""max_speed"":16.513762,""steps"":3053,""max_cadence"":0,""avg_cadence"":152,""avg_hrm"":170,""max_hrm"":181,""min_hrm"":106,""rise_height"":0,""fall_height"":0,""avg_height"":0,""max_height"":-100000,""min_height"":100000}",1684697156
6598522265,xiaomisports_app,outdoor_running,1682317672,running,"{""time"":1682317672,""timezone"":4,""version"":1,""start_time"":1682317672,""end_time"":1682319911,""proto_type"":1,""sport_type"":1,""duration"":2239,""distance"":6332,""calories"":487,""max_pace"":233,""min_pace"":2267,""avg_pace"":353,""max_speed"":15.408001,""steps"":5652,""max_cadence"":10680,""avg_cadence"":152,""avg_hrm"":164,""max_hrm"":180,""min_hrm"":107,""rise_height"":0,""fall_height"":0,""avg_height"":132,""max_height"":132,""min_height"":132}",1684697156
6598522265,xiaomisports_app,outdoor_running,1682360466,running,"{""time"":1682360466,""timezone"":4,""version"":1,""start_time"":1682360466,""end_time"":1682362773,""proto_type"":1,""sport_type"":1,""duration"":2308,""distance"":7186,""calories"":511,""max_pace"":197,""min_pace"":2325,""avg_pace"":321,""max_speed"":18.1836,""steps"":6119,""max_cadence"":11280,""avg_cadence"":159,""avg_hrm"":165,""max_hrm"":179,""min_hrm"":107,""rise_height"":0,""fall_height"":0,""avg_height"":143,""max_height"":143,""min_height"":143}",1684697156
6598522265,xiaomisports_app,outdoor_running,1682489018,running,"{""time"":1682489018,""timezone"":4,""version"":1,""start_time"":1682489018,""end_time"":1682491404,""proto_type"":1,""sport_type"":1,""duration"":2386,""distance"":7146,""calories"":542,""max_pace"":214,""min_pace"":2232,""avg_pace"":333,""max_speed"":16.7544,""steps"":6344,""max_cadence"":10800,""avg_cadence"":160,""avg_hrm"":171,""max_hrm"":191,""min_hrm"":107,""rise_height"":0,""fall_height"":0,""avg_height"":136,""max_height"":136,""min_height"":136}",1684697155
6598522265,xiaomisports_app,outdoor_running,1682529444,running,"{""time"":1682529444,""timezone"":4,""version"":1,""start_time"":1682529444,""end_time"":1682531851,""proto_type"":1,""sport_type"":1,""duration"":2372,""distance"":7169,""calories"":538,""max_pace"":219,""min_pace"":4347,""avg_pace"":330,""max_speed"":16.3836,""steps"":6085,""max_cadence"":10800,""avg_cadence"":155,""avg_hrm"":166,""max_hrm"":186,""min_hrm"":100,""rise_height"":0,""fall_height"":0,""avg_height"":133.5,""max_height"":135,""min_height"":132}",1684697155
6598522265,xiaomisports_app,outdoor_running,1682620871,running,"{""time"":1682620871,""timezone"":4,""version"":1,""start_time"":1682620871,""end_time"":1682623550,""proto_type"":1,""sport_type"":1,""duration"":2678,""distance"":7181,""calories"":423,""max_pace"":213,""min_pace"":1312,""avg_pace"":372,""max_speed"":16.8984,""steps"":6847,""max_cadence"":10440,""avg_cadence"":153,""avg_hrm"":105,""max_hrm"":173,""min_hrm"":81,""rise_height"":0,""fall_height"":0,""avg_height"":142,""max_height"":142,""min_height"":142}",1684697154
6598522265,xiaomisports_app,outdoor_running,1682861832,running,"{""time"":1682861832,""timezone"":4,""version"":1,""start_time"":1682861832,""end_time"":1682863674,""proto_type"":1,""sport_type"":1,""duration"":1841,""distance"":5207,""calories"":391,""max_pace"":231,""min_pace"":8695,""avg_pace"":353,""max_speed"":15.548399,""steps"":4745,""max_cadence"":10680,""avg_cadence"":157,""avg_hrm"":158,""max_hrm"":174,""min_hrm"":87,""rise_height"":0,""fall_height"":0,""avg_height"":140,""max_height"":140,""min_height"":140}",1684697154
6598522265,xiaomisports_app,outdoor_running,1682863962,running,"{""time"":1682863962,""timezone"":4,""version"":1,""start_time"":1682863962,""end_time"":1682864568,""proto_type"":1,""sport_type"":1,""duration"":605,""distance"":1693,""calories"":132,""max_pace"":269,""min_pace"":1647,""avg_pace"":357,""max_speed"":13.3596,""steps"":1629,""max_cadence"":10560,""avg_cadence"":162,""avg_hrm"":146,""max_hrm"":175,""min_hrm"":107,""rise_height"":0,""fall_height"":0,""avg_height"":137,""max_height"":137,""min_height"":137}",1684697152
6598522265,xiaomisports_app,outdoor_running,1682877300,running,"{""time"":1682877300,""timezone"":4,""version"":1,""start_time"":1682877300,""end_time"":1682879054,""proto_type"":1,""sport_type"":1,""duration"":1754,""distance"":4828,""calories"":402,""max_pace"":273,""min_pace"":4237,""avg_pace"":363,""max_speed"":13.176001,""steps"":4567,""max_cadence"":10440,""avg_cadence"":156,""avg_hrm"":172,""max_hrm"":182,""min_hrm"":109,""rise_height"":0,""fall_height"":0,""avg_height"":137,""max_height"":137,""min_height"":137}",1684697151
6598522265,xiaomisports_app,outdoor_running,1682964597,running,"{""time"":1682964597,""timezone"":4,""version"":1,""start_time"":1682964597,""end_time"":1682965016,""proto_type"":1,""sport_type"":1,""duration"":419,""distance"":1169,""calories"":87,""max_pace"":248,""min_pace"":1189,""avg_pace"":358,""max_speed"":14.472,""steps"":1080,""max_cadence"":0,""avg_cadence"":158,""avg_hrm"":155,""max_hrm"":181,""min_hrm"":81,""rise_height"":0,""fall_height"":0,""avg_height"":0,""max_height"":0,""min_height"":0}",1684697151
6598522265,xiaomisports_app,outdoor_running,1683114606,running,"{""time"":1683114606,""timezone"":4,""version"":1,""start_time"":1683114606,""end_time"":1683118336,""proto_type"":1,""sport_type"":1,""duration"":3549,""distance"":7200,""calories"":577,""max_pace"":283,""min_pace"":2433,""avg_pace"":492,""max_speed"":12.6972,""steps"":7148,""max_cadence"":10680,""avg_cadence"":155,""avg_hrm"":145,""max_hrm"":180,""min_hrm"":76,""rise_height"":0,""fall_height"":0,""avg_height"":137.5,""max_height"":141,""min_height"":134}",1684697150
6598522265,xiaomisports_app,outdoor_running,1683626279,running,"{""time"":1683626279,""timezone"":4,""version"":1,""start_time"":1683626279,""end_time"":1683628731,""proto_type"":1,""sport_type"":1,""duration"":2427,""distance"":7159,""calories"":582,""max_pace"":211,""min_pace"":4405,""avg_pace"":338,""max_speed"":17.0136,""steps"":6155,""max_cadence"":10800,""avg_cadence"":152,""avg_hrm"":176,""max_hrm"":190,""min_hrm"":104,""rise_height"":0,""fall_height"":0,""avg_height"":140.5,""max_height"":143,""min_height"":138}",1684697150
6598522265,xiaomisports_app,outdoor_running,1683706816,running,"{""time"":1683706816,""timezone"":4,""version"":1,""start_time"":1683706816,""end_time"":1683707521,""proto_type"":1,""sport_type"":1,""duration"":705,""distance"":2216,""calories"":152,""max_pace"":235,""min_pace"":1121,""avg_pace"":317,""max_speed"":15.263999,""steps"":1804,""max_cadence"":10440,""avg_cadence"":155,""avg_hrm"":161,""max_hrm"":181,""min_hrm"":93,""rise_height"":0,""fall_height"":0,""avg_height"":144,""max_height"":144,""min_height"":144}",1684697149
6598522265,xiaomisports_app,outdoor_running,1683829770,running,"{""time"":1683829770,""timezone"":4,""version"":1,""start_time"":1683829770,""end_time"":1683832140,""proto_type"":1,""sport_type"":1,""duration"":2367,""distance"":7168,""calories"":515,""max_pace"":161,""min_pace"":3676,""avg_pace"":330,""max_speed"":22.2768,""steps"":6248,""max_cadence"":10800,""avg_cadence"":158,""avg_hrm"":161,""max_hrm"":181,""min_hrm"":95,""rise_height"":0,""fall_height"":0,""avg_height"":143.5,""max_height"":146,""min_height"":141}",1684697149
6598522265,xiaomisports_app,outdoor_running,1683968673,running,"{""time"":1683968673,""timezone"":4,""version"":1,""start_time"":1683968673,""end_time"":1683970925,""proto_type"":1,""sport_type"":1,""duration"":2252,""distance"":7158,""calories"":528,""max_pace"":180,""min_pace"":1594,""avg_pace"":314,""max_speed"":19.9008,""steps"":5965,""max_cadence"":0,""avg_cadence"":159,""avg_hrm"":173,""max_hrm"":186,""min_hrm"":106,""rise_height"":0,""fall_height"":0,""avg_height"":0,""max_height"":0,""min_height"":0}",1684697148
6598522265,xiaomisports_app,outdoor_running,1684049934,running,"{""time"":1684049934,""timezone"":4,""version"":1,""start_time"":1684049934,""end_time"":1684052130,""proto_type"":1,""sport_type"":1,""duration"":2196,""distance"":7141,""calories"":521,""max_pace"":164,""min_pace"":1166,""avg_pace"":307,""max_speed"":21.942,""steps"":5912,""max_cadence"":10320,""avg_cadence"":161,""avg_hrm"":175,""max_hrm"":189,""min_hrm"":107,""rise_height"":0,""fall_height"":0,""avg_height"":146,""max_height"":146,""min_height"":146}",1684697147
6598522265,xiaomisports_app,outdoor_running,1684081879,running,"{""time"":1684081879,""timezone"":4,""version"":1,""start_time"":1684081879,""end_time"":1684084050,""proto_type"":1,""sport_type"":1,""duration"":2172,""distance"":7148,""calories"":516,""max_pace"":198,""min_pace"":1531,""avg_pace"":303,""max_speed"":18.147598,""steps"":5775,""max_cadence"":10800,""avg_cadence"":160,""avg_hrm"":175,""max_hrm"":188,""min_hrm"":124,""rise_height"":0,""fall_height"":0,""avg_height"":143,""max_height"":143,""min_height"":143}",1684697147
6598522265,xiaomisports_app,outdoor_running,1684157910,running,"{""time"":1684157910,""timezone"":4,""version"":1,""start_time"":1684157910,""end_time"":1684160096,""proto_type"":1,""sport_type"":1,""duration"":2182,""distance"":7130,""calories"":516,""max_pace"":153,""min_pace"":2092,""avg_pace"":306,""max_speed"":23.403599,""steps"":5854,""max_cadence"":10440,""avg_cadence"":161,""avg_hrm"":174,""max_hrm"":185,""min_hrm"":81,""rise_height"":0,""fall_height"":0,""avg_height"":140.5,""max_height"":142,""min_height"":139}",1684697145
6598522265,xiaomisports_app,outdoor_running,1684174850,running,"{""time"":1684174850,""timezone"":4,""version"":1,""start_time"":1684174850,""end_time"":1684176072,""proto_type"":1,""sport_type"":1,""duration"":1222,""distance"":3824,""calories"":266,""max_pace"":244,""min_pace"":2392,""avg_pace"":319,""max_speed"":14.7024,""steps"":3171,""max_cadence"":10320,""avg_cadence"":157,""avg_hrm"":165,""max_hrm"":185,""min_hrm"":76,""rise_height"":0,""fall_height"":0,""avg_height"":141,""max_height"":141,""min_height"":141}",1684697144
6598522265,xiaomisports_app,outdoor_running,1684264555,running,"{""time"":1684264555,""timezone"":4,""version"":1,""start_time"":1684264555,""end_time"":1684266689,""proto_type"":1,""sport_type"":1,""duration"":2134,""distance"":7133,""calories"":516,""max_pace"":156,""min_pace"":1278,""avg_pace"":299,""max_speed"":23.075998,""steps"":5666,""max_cadence"":10200,""avg_cadence"":159,""avg_hrm"":178,""max_hrm"":188,""min_hrm"":107,""rise_height"":0,""fall_height"":0,""avg_height"":147,""max_height"":147,""min_height"":147}",1684697144
6598522265,xiaomisports_app,outdoor_running,1684304624,running,"{""time"":1684304624,""timezone"":4,""version"":1,""start_time"":1684304624,""end_time"":1684306047,""proto_type"":1,""sport_type"":1,""duration"":1423,""distance"":4435,""calories"":320,""max_pace"":220,""min_pace"":3571,""avg_pace"":320,""max_speed"":16.3476,""steps"":3795,""max_cadence"":10560,""avg_cadence"":160,""avg_hrm"":166,""max_hrm"":183,""min_hrm"":80,""rise_height"":0,""fall_height"":0,""avg_height"":150,""max_height"":150,""min_height"":150}",1684697143
6598522265,xiaomisports_app,outdoor_running,1684345996,running,"{""time"":1684345996,""timezone"":4,""version"":1,""start_time"":1684345996,""end_time"":1684348125,""proto_type"":1,""sport_type"":1,""duration"":2129,""distance"":7164,""calories"":494,""max_pace"":171,""min_pace"":1540,""avg_pace"":297,""max_speed"":21.005999,""steps"":5618,""max_cadence"":10320,""avg_cadence"":158,""avg_hrm"":165,""max_hrm"":179,""min_hrm"":101,""rise_height"":0,""fall_height"":0,""avg_height"":144,""max_height"":144,""min_height"":144}",1684697143
6598522265,xiaomisports_app,outdoor_running,1684564014,running,"{""time"":1684564014,""timezone"":4,""version"":1,""start_time"":1684564014,""end_time"":1684566178,""proto_type"":1,""sport_type"":1,""duration"":2164,""distance"":7162,""calories"":495,""max_pace"":207,""min_pace"":1522,""avg_pace"":302,""max_speed"":17.316,""steps"":5892,""max_cadence"":10560,""avg_cadence"":163,""avg_hrm"":168,""max_hrm"":180,""min_hrm"":86,""rise_height"":0,""fall_height"":0,""avg_height"":145,""max_height"":145,""min_height"":145}",1684697142
6598522265,xiaomisports_app,outdoor_running,1684651145,running,"{""time"":1684651145,""timezone"":4,""version"":1,""start_time"":1684651145,""end_time"":1684652507,""proto_type"":1,""sport_type"":1,""duration"":1362,""distance"":4635,""calories"":313,""max_pace"":221,""min_pace"":1594,""avg_pace"":293,""max_speed"":16.2576,""steps"":3773,""max_cadence"":10800,""avg_cadence"":167,""avg_hrm"":170,""max_hrm"":182,""min_hrm"":101,""rise_height"":0,""fall_height"":0,""avg_height"":141,""max_height"":141,""min_height"":141}",1684697142
6598522265,xiaomisports_app,outdoor_walking,1684652611,walking,"{""time"":1684652611,""timezone"":4,""version"":1,""start_time"":1684652611,""end_time"":1684656901,""proto_type"":2,""sport_type"":2,""duration"":4289,""distance"":6305,""calories"":482,""max_pace"":229,""min_pace"":8000,""avg_pace"":680,""max_speed"":15.6528,""steps"":7474,""max_cadence"":10440,""avg_cadence"":111,""avg_hrm"":118,""max_hrm"":171,""min_hrm"":67,""rise_height"":0,""fall_height"":0,""avg_height"":139,""max_height"":139,""min_height"":139}",1684697142
6598522265,xiaomisports_app,outdoor_running,1684657031,running,"{""time"":1684657031,""timezone"":4,""version"":1,""start_time"":1684657031,""end_time"":1684657689,""proto_type"":1,""sport_type"":1,""duration"":657,""distance"":1835,""calories"":126,""max_pace"":202,""min_pace"":5128,""avg_pace"":357,""max_speed"":17.7624,""steps"":1433,""max_cadence"":0,""avg_cadence"":155,""avg_hrm"":158,""max_hrm"":178,""min_hrm"":100,""rise_height"":0,""fall_height"":0,""avg_height"":0,""max_height"":0,""min_height"":0}",1684697141
6598522265,xiaomisports_app,outdoor_running,1684689925,running,"{""time"":1684689925,""timezone"":4,""version"":1,""start_time"":1684689925,""end_time"":1684692876,""proto_type"":1,""sport_type"":1,""duration"":2951,""distance"":10023,""calories"":674,""max_pace"":183,""min_pace"":2004,""avg_pace"":294,""max_speed"":19.5732,""steps"":8101,""max_cadence"":10680,""avg_cadence"":164,""avg_hrm"":171,""max_hrm"":188,""min_hrm"":141,""rise_height"":0,""fall_height"":0,""avg_height"":152,""max_height"":152,""min_height"":152}",1684697141
6598522265,xiaomisports_app,outdoor_running,1684742972,running,"{""time"":1684742972,""timezone"":4,""version"":1,""start_time"":1684742972,""end_time"":1684744408,""proto_type"":1,""sport_type"":1,""duration"":1435,""distance"":4829,""calories"":337,""max_pace"":216,""min_pace"":1550,""avg_pace"":297,""max_speed"":16.603199,""steps"":3961,""max_cadence"":11400,""avg_cadence"":167,""avg_hrm"":173,""max_hrm"":182,""min_hrm"":106,""rise_height"":0,""fall_height"":0,""avg_height"":152,""max_height"":152,""min_height"":152}",1700523814
6598522265,xiaomisports_app,outdoor_running,1684744446,running,"{""time"":1684744446,""timezone"":4,""version"":1,""start_time"":1684744446,""end_time"":1684746044,""proto_type"":1,""sport_type"":1,""duration"":1597,""distance"":4202,""calories"":332,""max_pace"":191,""min_pace"":2004,""avg_pace"":379,""max_speed"":18.791998,""steps"":3946,""max_cadence"":0,""avg_cadence"":148,""avg_hrm"":163,""max_hrm"":177,""min_hrm"":138,""rise_height"":0,""fall_height"":0,""avg_height"":0,""max_height"":0,""min_height"":0}",1700523813
6598522265,xiaomisports_app,outdoor_running,1684781179,running,"{""time"":1684781179,""timezone"":4,""version"":1,""start_time"":1684781179,""end_time"":1684784174,""proto_type"":1,""sport_type"":1,""duration"":2994,""distance"":10016,""calories"":681,""max_pace"":214,""min_pace"":3289,""avg_pace"":298,""max_speed"":16.758001,""steps"":8330,""max_cadence"":10800,""avg_cadence"":167,""avg_hrm"":169,""max_hrm"":183,""min_hrm"":106,""rise_height"":0,""fall_height"":0,""avg_height"":143,""max_height"":143,""min_height"":143}",1700523813
6598522265,xiaomisports_app,outdoor_running,1684868418,running,"{""time"":1684868418,""timezone"":4,""version"":1,""start_time"":1684868418,""end_time"":1684869444,""proto_type"":1,""sport_type"":1,""duration"":1026,""distance"":3255,""calories"":222,""max_pace"":239,""min_pace"":1715,""avg_pace"":314,""max_speed"":15.004801,""steps"":2779,""max_cadence"":0,""avg_cadence"":163,""avg_hrm"":160,""max_hrm"":175,""min_hrm"":99,""rise_height"":0,""fall_height"":0,""avg_height"":0,""max_height"":0,""min_height"":0}",1700523813
6598522265,xiaomisports_app,outdoor_running,1684949734,running,"{""time"":1684949734,""timezone"":4,""version"":1,""start_time"":1684949734,""end_time"":1684952632,""proto_type"":1,""sport_type"":1,""duration"":2898,""distance"":10021,""calories"":672,""max_pace"":213,""min_pace"":1377,""avg_pace"":289,""max_speed"":16.848,""steps"":8213,""max_cadence"":11280,""avg_cadence"":170,""avg_hrm"":173,""max_hrm"":183,""min_hrm"":106,""rise_height"":0,""fall_height"":0,""avg_height"":137,""max_height"":137,""min_height"":137}",1700523812
6598522265,xiaomisports_app,outdoor_running,1685038724,running,"{""time"":1685038724,""timezone"":4,""version"":1,""start_time"":1685038724,""end_time"":1685040196,""proto_type"":1,""sport_type"":1,""duration"":1471,""distance"":5280,""calories"":349,""max_pace"":207,""min_pace"":1226,""avg_pace"":278,""max_speed"":17.316,""steps"":4191,""max_cadence"":11040,""avg_cadence"":171,""avg_hrm"":173,""max_hrm"":183,""min_hrm"":101,""rise_height"":0,""fall_height"":0,""avg_height"":141,""max_height"":141,""min_height"":141}",1700523812
6598522265,xiaomisports_app,outdoor_running,1685040333,running,"{""time"":1685040333,""timezone"":4,""version"":1,""start_time"":1685040333,""end_time"":1685040708,""proto_type"":1,""sport_type"":1,""duration"":375,""distance"":1116,""calories"":78,""max_pace"":236,""min_pace"":2237,""avg_pace"":334,""max_speed"":15.191999,""steps"":1038,""max_cadence"":10800,""avg_cadence"":166,""avg_hrm"":160,""max_hrm"":175,""min_hrm"":107,""rise_height"":0,""fall_height"":0,""avg_height"":147,""max_height"":147,""min_height"":147}",1700523811
6598522265,xiaomisports_app,outdoor_running,1685041064,running,"{""time"":1685041064,""timezone"":4,""version"":1,""start_time"":1685041064,""end_time"":1685041959,""proto_type"":1,""sport_type"":1,""duration"":894,""distance"":2011,""calories"":149,""max_pace"":271,""min_pace"":3773,""avg_pace"":444,""max_speed"":13.255199,""steps"":1915,""max_cadence"":0,""avg_cadence"":130,""avg_hrm"":139,""max_hrm"":174,""min_hrm"":76,""rise_height"":0,""fall_height"":0,""avg_height"":0,""max_height"":0,""min_height"":0}",1700523811
6598522265,xiaomisports_app,outdoor_running,1685256239,running,"{""time"":1685256239,""timezone"":4,""version"":1,""start_time"":1685256239,""end_time"":1685257091,""proto_type"":1,""sport_type"":1,""duration"":852,""distance"":2554,""calories"":179,""max_pace"":220,""min_pace"":6172,""avg_pace"":333,""max_speed"":16.3044,""steps"":2262,""max_cadence"":11160,""avg_cadence"":159,""avg_hrm"":160,""max_hrm"":180,""min_hrm"":100,""rise_height"":0,""fall_height"":0,""avg_height"":148,""max_height"":148,""min_height"":148}",1700523811
6598522265,xiaomisports_app,outdoor_running,1685257274,running,"{""time"":1685257274,""timezone"":4,""version"":1,""start_time"":1685257274,""end_time"":1685257822,""proto_type"":1,""sport_type"":1,""duration"":549,""distance"":1266,""calories"":94,""max_pace"":306,""min_pace"":2083,""avg_pace"":432,""max_speed"":11.7468,""steps"":1311,""max_cadence"":10320,""avg_cadence"":145,""avg_hrm"":144,""max_hrm"":166,""min_hrm"":81,""rise_height"":0,""fall_height"":0,""avg_height"":140,""max_height"":140,""min_height"":140}",1700523810
6598522265,xiaomisports_app,outdoor_walking,1685257885,walking,"{""time"":1685257885,""timezone"":4,""version"":1,""start_time"":1685257885,""end_time"":1685259990,""proto_type"":2,""sport_type"":2,""duration"":2106,""distance"":6119,""calories"":433,""max_pace"":236,""min_pace"":1418,""avg_pace"":343,""max_speed"":15.213599,""steps"":5610,""max_cadence"":0,""avg_cadence"":160,""avg_hrm"":160,""max_hrm"":178,""min_hrm"":107,""rise_height"":0,""fall_height"":0,""avg_height"":0,""max_height"":0,""min_height"":0}",1700523809
6598522265,xiaomisports_app,outdoor_running,1685297386,running,"{""time"":1685297386,""timezone"":4,""version"":1,""start_time"":1685297386,""end_time"":1685300584,""proto_type"":1,""sport_type"":1,""duration"":3038,""distance"":10024,""calories"":715,""max_pace"":206,""min_pace"":2032,""avg_pace"":303,""max_speed"":17.467201,""steps"":8489,""max_cadence"":0,""avg_cadence"":168,""avg_hrm"":166,""max_hrm"":190,""min_hrm"":100,""rise_height"":0,""fall_height"":0,""avg_height"":0,""max_height"":0,""min_height"":0}",1700523808
6598522265,xiaomisports_app,outdoor_running,1685352555,running,"{""time"":1685352555,""timezone"":4,""version"":1,""start_time"":1685352555,""end_time"":1685355980,""proto_type"":1,""sport_type"":1,""duration"":3425,""distance"":10014,""calories"":730,""max_pace"":238,""min_pace"":1848,""avg_pace"":341,""max_speed"":15.066,""steps"":8932,""max_cadence"":0,""avg_cadence"":156,""avg_hrm"":161,""max_hrm"":174,""min_hrm"":118,""rise_height"":0,""fall_height"":0,""avg_height"":0,""max_height"":0,""min_height"":0}",1700523808
6598522265,xiaomisports_app,outdoor_running,1685553652,running,"{""time"":1685553652,""timezone"":4,""version"":1,""start_time"":1685553652,""end_time"":1685556633,""proto_type"":1,""sport_type"":1,""duration"":2973,""distance"":10022,""calories"":691,""max_pace"":216,""min_pace"":5154,""avg_pace"":296,""max_speed"":16.65,""steps"":7719,""max_cadence"":0,""avg_cadence"":155,""avg_hrm"":169,""max_hrm"":184,""min_hrm"":106,""rise_height"":0,""fall_height"":0,""avg_height"":0,""max_height"":0,""min_height"":0}",1700523807
6598522265,xiaomisports_app,outdoor_running,1685644865,running,"{""time"":1685644865,""timezone"":4,""version"":1,""start_time"":1685644865,""end_time"":1685647882,""proto_type"":1,""sport_type"":1,""duration"":3000,""distance"":10014,""calories"":672,""max_pace"":210,""min_pace"":2631,""avg_pace"":299,""max_speed"":17.081999,""steps"":7950,""max_cadence"":10200,""avg_cadence"":158,""avg_hrm"":164,""max_hrm"":180,""min_hrm"":71,""rise_height"":0,""fall_height"":0,""avg_height"":138.5,""max_height"":140,""min_height"":137}",1700523806
6598522265,xiaomisports_app,outdoor_running,1685905199,running,"{""time"":1685905199,""timezone"":4,""version"":1,""start_time"":1685905199,""end_time"":1685905900,""proto_type"":1,""sport_type"":1,""duration"":701,""distance"":2199,""calories"":153,""max_pace"":253,""min_pace"":2976,""avg_pace"":318,""max_speed"":14.201999,""steps"":1813,""max_cadence"":9960,""avg_cadence"":157,""avg_hrm"":165,""max_hrm"":178,""min_hrm"":106,""rise_height"":0,""fall_height"":0,""avg_height"":136,""max_height"":136,""min_height"":136}",1700523806
6598522265,xiaomisports_app,outdoor_running,1685906069,running,"{""time"":1685906069,""timezone"":4,""version"":1,""start_time"":1685906069,""end_time"":1685908585,""proto_type"":1,""sport_type"":1,""duration"":2461,""distance"":8023,""calories"":607,""max_pace"":214,""min_pace"":4566,""avg_pace"":306,""max_speed"":16.7652,""steps"":6405,""max_cadence"":10560,""avg_cadence"":156,""avg_hrm"":154,""max_hrm"":178,""min_hrm"":84,""rise_height"":0,""fall_height"":0,""avg_height"":141,""max_height"":141,""min_height"":141}",1700523805
6598522265,xiaomisports_app,outdoor_running,1686049854,running,"{""time"":1686049854,""timezone"":4,""version"":1,""start_time"":1686049854,""end_time"":1686052818,""proto_type"":1,""sport_type"":1,""duration"":2964,""distance"":10017,""calories"":683,""max_pace"":205,""min_pace"":1447,""avg_pace"":295,""max_speed"":17.510399,""steps"":7674,""max_cadence"":10080,""avg_cadence"":155,""avg_hrm"":171,""max_hrm"":186,""min_hrm"":100,""rise_height"":0,""fall_height"":0,""avg_height"":140,""max_height"":140,""min_height"":140}",1700523805
6598522265,xiaomisports_app,outdoor_running,1686162644,running,"{""time"":1686162644,""timezone"":4,""version"":1,""start_time"":1686162644,""end_time"":1686165482,""proto_type"":1,""sport_type"":1,""duration"":2839,""distance"":10019,""calories"":693,""max_pace"":185,""min_pace"":2487,""avg_pace"":283,""max_speed"":19.3644,""steps"":7463,""max_cadence"":10800,""avg_cadence"":158,""avg_hrm"":168,""max_hrm"":184,""min_hrm"":100,""rise_height"":0,""fall_height"":0,""avg_height"":135,""max_height"":135,""min_height"":135}",1700523805
6598522265,xiaomisports_app,outdoor_running,1686247676,running,"{""time"":1686247676,""timezone"":4,""version"":1,""start_time"":1686247676,""end_time"":1686250558,""proto_type"":1,""sport_type"":1,""duration"":2881,""distance"":10022,""calories"":692,""max_pace"":152,""min_pace"":2832,""avg_pace"":287,""max_speed"":23.6772,""steps"":7553,""max_cadence"":10320,""avg_cadence"":157,""avg_hrm"":168,""max_hrm"":182,""min_hrm"":100,""rise_height"":0,""fall_height"":0,""avg_height"":139,""max_height"":139,""min_height"":139}",1700523804
6598522265,xiaomisports_app,outdoor_running,1686486441,running,"{""time"":1686486441,""timezone"":4,""version"":1,""start_time"":1686486441,""end_time"":1686488620,""proto_type"":1,""sport_type"":1,""duration"":2179,""distance"":6152,""calories"":461,""max_pace"":241,""min_pace"":2257,""avg_pace"":353,""max_speed"":14.878799,""steps"":5130,""max_cadence"":9600,""avg_cadence"":142,""avg_hrm"":161,""max_hrm"":180,""min_hrm"":76,""rise_height"":0,""fall_height"":0,""avg_height"":135,""max_height"":135,""min_height"":135}",1700523801
6598522265,xiaomisports_app,outdoor_walking,1686488637,walking,"{""time"":1686488637,""timezone"":4,""version"":1,""start_time"":1686488637,""end_time"":1686489295,""proto_type"":2,""sport_type"":2,""duration"":656,""distance"":1377,""calories"":111,""max_pace"":295,""min_pace"":2777,""avg_pace"":475,""max_speed"":12.196799,""steps"":1381,""max_cadence"":8400,""avg_cadence"":127,""avg_hrm"":144,""max_hrm"":151,""min_hrm"":133,""rise_height"":0,""fall_height"":0,""avg_height"":146,""max_height"":146,""min_height"":146}",1700523801
6598522265,xiaomisports_app,outdoor_running,1686489320,running,"{""time"":1686489320,""timezone"":4,""version"":1,""start_time"":1686489320,""end_time"":1686489403,""proto_type"":1,""sport_type"":1,""duration"":83,""distance"":191,""calories"":10,""max_pace"":329,""min_pace"":1776,""avg_pace"":432,""max_speed"":10.9188,""steps"":170,""max_cadence"":8400,""avg_cadence"":135,""avg_hrm"":95,""max_hrm"":113,""min_hrm"":79,""rise_height"":0,""fall_height"":0,""avg_height"":148,""max_height"":148,""min_height"":148}",1700523801
6598522265,xiaomisports_app,outdoor_walking,1686489435,walking,"{""time"":1686489435,""timezone"":4,""version"":1,""start_time"":1686489435,""end_time"":1686489792,""proto_type"":2,""sport_type"":2,""duration"":357,""distance"":714,""calories"":52,""max_pace"":398,""min_pace"":3003,""avg_pace"":498,""max_speed"":9.0432005,""steps"":733,""max_cadence"":7800,""avg_cadence"":122,""avg_hrm"":130,""max_hrm"":143,""min_hrm"":104,""rise_height"":0,""fall_height"":0,""avg_height"":148,""max_height"":148,""min_height"":148}",1700523800
6598522265,xiaomisports_app,outdoor_walking,1686489831,walking,"{""time"":1686489831,""timezone"":4,""version"":1,""start_time"":1686489831,""end_time"":1686490517,""proto_type"":2,""sport_type"":2,""duration"":683,""distance"":1005,""calories"":75,""max_pace"":410,""min_pace"":2197,""avg_pace"":679,""max_speed"":8.780488,""steps"":1330,""max_cadence"":0,""avg_cadence"":117,""avg_hrm"":116,""max_hrm"":146,""min_hrm"":78,""rise_height"":0,""fall_height"":0,""avg_height"":0,""max_height"":-100000,""min_height"":100000}",1700523800
6598522265,xiaomisports_app,outdoor_running,1687114146,running,"{""time"":1687114146,""timezone"":4,""version"":1,""start_time"":1687114146,""end_time"":1687117825,""proto_type"":1,""sport_type"":1,""duration"":3678,""distance"":10014,""calories"":810,""max_pace"":249,""min_pace"":1412,""avg_pace"":367,""max_speed"":14.4539995,""steps"":8446,""max_cadence"":9600,""avg_cadence"":138,""avg_hrm"":167,""max_hrm"":183,""min_hrm"":76,""rise_height"":0,""fall_height"":0,""avg_height"":139,""max_height"":139,""min_height"":139}",1700523799
6598522265,xiaomisports_app,outdoor_running,1687255775,running,"{""time"":1687255775,""timezone"":4,""version"":1,""start_time"":1687255775,""end_time"":1687259294,""proto_type"":1,""sport_type"":1,""duration"":3519,""distance"":10011,""calories"":808,""max_pace"":243,""min_pace"":1109,""avg_pace"":351,""max_speed"":14.756399,""steps"":8355,""max_cadence"":9900,""avg_cadence"":142,""avg_hrm"":174,""max_hrm"":184,""min_hrm"":101,""rise_height"":0,""fall_height"":0,""avg_height"":146,""max_height"":146,""min_height"":146}",1700523799
6598522265,xiaomisports_app,outdoor_running,1687359985,running,"{""time"":1687359985,""timezone"":4,""version"":1,""start_time"":1687359985,""end_time"":1687362508,""proto_type"":1,""sport_type"":1,""duration"":2523,""distance"":8107,""calories"":620,""max_pace"":216,""min_pace"":2747,""avg_pace"":311,""max_speed"":16.6176,""steps"":6306,""max_cadence"":9720,""avg_cadence"":150,""avg_hrm"":176,""max_hrm"":190,""min_hrm"":105,""rise_height"":0,""fall_height"":0,""avg_height"":140,""max_height"":140,""min_height"":140}",1700523798
6598522265,xiaomisports_app,outdoor_running,1687362839,running,"{""time"":1687362839,""timezone"":4,""version"":1,""start_time"":1687362839,""end_time"":1687363080,""proto_type"":1,""sport_type"":1,""duration"":240,""distance"":702,""calories"":51,""max_pace"":211,""min_pace"":1455,""avg_pace"":341,""max_speed"":16.995602,""steps"":568,""max_cadence"":0,""avg_cadence"":142,""avg_hrm"":118,""max_hrm"":126,""min_hrm"":106,""rise_height"":0,""fall_height"":0,""avg_height"":0,""max_height"":0,""min_height"":0}",1700523798
6598522265,xiaomisports_app,outdoor_running,1687455214,running,"{""time"":1687455214,""timezone"":4,""version"":1,""start_time"":1687455214,""end_time"":1687458193,""proto_type"":1,""sport_type"":1,""duration"":2979,""distance"":10006,""calories"":799,""max_pace"":209,""min_pace"":1730,""avg_pace"":297,""max_speed"":17.157598,""steps"":0,""max_cadence"":0,""avg_cadence"":0,""rise_height"":0,""fall_height"":0,""avg_height"":143,""max_height"":143,""min_height"":143}",1700523798
6598522265,xiaomisports_app,outdoor_running,1687708943,running,"{""time"":1687708943,""timezone"":4,""version"":1,""start_time"":1687708943,""end_time"":1687711857,""proto_type"":1,""sport_type"":1,""duration"":2913,""distance"":10016,""calories"":738,""max_pace"":210,""min_pace"":1522,""avg_pace"":290,""max_speed"":17.118002,""steps"":7517,""max_cadence"":10320,""avg_cadence"":155,""avg_hrm"":178,""max_hrm"":191,""min_hrm"":103,""rise_height"":0,""fall_height"":0,""avg_height"":141,""max_height"":141,""min_height"":141}",1700523796
6598522265,xiaomisports_app,outdoor_running,1687800488,running,"{""time"":1687800488,""timezone"":4,""version"":1,""start_time"":1687800488,""end_time"":1687803508,""proto_type"":1,""sport_type"":1,""duration"":3020,""distance"":10020,""calories"":718,""max_pace"":169,""min_pace"":1295,""avg_pace"":301,""max_speed"":21.294,""steps"":7699,""max_cadence"":9960,""avg_cadence"":153,""avg_hrm"":173,""max_hrm"":185,""min_hrm"":106,""rise_height"":0,""fall_height"":0,""avg_height"":145,""max_height"":145,""min_height"":145}",1700523795
6598522265,xiaomisports_app,outdoor_running,1687968195,running,"{""time"":1687968195,""timezone"":4,""version"":1,""start_time"":1687968195,""end_time"":1687971144,""proto_type"":1,""sport_type"":1,""duration"":2949,""distance"":10014,""calories"":705,""max_pace"":211,""min_pace"":1508,""avg_pace"":294,""max_speed"":16.9848,""steps"":7655,""max_cadence"":9960,""avg_cadence"":155,""avg_hrm"":175,""max_hrm"":188,""min_hrm"":100,""rise_height"":0,""fall_height"":0,""avg_height"":147,""max_height"":147,""min_height"":147}",1700523795
6598522265,xiaomisports_app,outdoor_running,1688230603,running,"{""time"":1688230603,""timezone"":4,""version"":1,""start_time"":1688230603,""end_time"":1688233577,""proto_type"":1,""sport_type"":1,""duration"":2974,""distance"":10011,""calories"":801,""max_pace"":218,""min_pace"":2114,""avg_pace"":297,""max_speed"":16.4664,""steps"":0,""max_cadence"":0,""avg_cadence"":0,""rise_height"":0,""fall_height"":0,""avg_height"":147,""max_height"":147,""min_height"":147}",1700523794
6598522265,xiaomisports_app,outdoor_running,1688323361,running,"{""time"":1688323361,""timezone"":4,""version"":1,""start_time"":1688323361,""end_time"":1688326516,""proto_type"":1,""sport_type"":1,""duration"":3154,""distance"":10012,""calories"":805,""max_pace"":201,""min_pace"":3533,""avg_pace"":315,""max_speed"":17.856,""steps"":0,""max_cadence"":0,""avg_cadence"":0,""rise_height"":0,""fall_height"":0,""avg_height"":141,""max_height"":141,""min_height"":141}",1700523794
6598522265,xiaomisports_app,outdoor_running,1688494844,running,"{""time"":1688494844,""timezone"":4,""version"":1,""start_time"":1688494844,""end_time"":1688497682,""proto_type"":1,""sport_type"":1,""duration"":2837,""distance"":10012,""calories"":800,""max_pace"":204,""min_pace"":2074,""avg_pace"":283,""max_speed"":17.625599,""steps"":0,""max_cadence"":0,""avg_cadence"":0,""rise_height"":0,""fall_height"":0,""avg_height"":142,""max_height"":142,""min_height"":142}",1700523793
6598522265,xiaomisports_app,outdoor_running,1688650003,running,"{""time"":1688650003,""timezone"":4,""version"":1,""start_time"":1688650003,""end_time"":1688650929,""proto_type"":1,""sport_type"":1,""duration"":925,""distance"":3161,""calories"":243,""max_pace"":223,""min_pace"":2237,""avg_pace"":292,""max_speed"":16.1028,""steps"":0,""max_cadence"":0,""avg_cadence"":0,""rise_height"":0,""fall_height"":0,""avg_height"":147,""max_height"":147,""min_height"":147}",1700523793
6598522265,xiaomisports_app,outdoor_running,1688650958,running,"{""time"":1688650958,""timezone"":4,""version"":1,""start_time"":1688650958,""end_time"":1688652052,""proto_type"":1,""sport_type"":1,""duration"":306,""distance"":777,""calories"":52,""max_pace"":190,""min_pace"":3125,""avg_pace"":393,""max_speed"":18.910799,""steps"":0,""max_cadence"":0,""avg_cadence"":0,""rise_height"":0,""fall_height"":0,""avg_height"":0,""max_height"":0,""min_height"":0}",1700523792
6598522265,xiaomisports_app,outdoor_running,1688841917,running,"{""time"":1688841917,""timezone"":4,""version"":1,""start_time"":1688841917,""end_time"":1688844781,""proto_type"":1,""sport_type"":1,""duration"":2863,""distance"":10016,""calories"":800,""max_pace"":217,""min_pace"":547,""avg_pace"":285,""max_speed"":16.5708,""steps"":0,""max_cadence"":0,""avg_cadence"":0,""rise_height"":0,""fall_height"":0,""avg_height"":147,""max_height"":147,""min_height"":147}",1700523792
6598522265,xiaomisports_app,outdoor_running,1689274925,running,"{""time"":1689274925,""timezone"":4,""version"":1,""start_time"":1689274925,""end_time"":1689276825,""proto_type"":1,""sport_type"":1,""duration"":1841,""distance"":5753,""calories"":439,""max_pace"":197,""min_pace"":2358,""avg_pace"":319,""max_speed"":18.2664,""steps"":4702,""max_cadence"":10200,""avg_cadence"":154,""avg_hrm"":162,""max_hrm"":174,""min_hrm"":100,""rise_height"":0,""fall_height"":0,""avg_height"":142,""max_height"":142,""min_height"":142}",1700523790
6598522265,xiaomisports_app,outdoor_running,1689277089,running,"{""time"":1689277089,""timezone"":4,""version"":1,""start_time"":1689277089,""end_time"":1689277423,""proto_type"":1,""sport_type"":1,""duration"":333,""distance"":910,""calories"":66,""max_pace"":284,""min_pace"":1801,""avg_pace"":365,""max_speed"":12.646799,""steps"":824,""max_cadence"":0,""avg_cadence"":147,""avg_hrm"":130,""max_hrm"":155,""min_hrm"":104,""rise_height"":0,""fall_height"":0,""avg_height"":0,""max_height"":0,""min_height"":0}",1700523790
6598522265,xiaomisports_app,outdoor_running,1689533844,running,"{""time"":1689533844,""timezone"":4,""version"":1,""start_time"":1689533844,""end_time"":1689536768,""proto_type"":1,""sport_type"":1,""duration"":2924,""distance"":10015,""calories"":696,""max_pace"":191,""min_pace"":4878,""avg_pace"":291,""max_speed"":18.791998,""steps"":7783,""max_cadence"":10920,""avg_cadence"":160,""avg_hrm"":169,""max_hrm"":192,""min_hrm"":106,""rise_height"":0,""fall_height"":0,""avg_height"":145,""max_height"":145,""min_height"":145}",1700523789
6598522265,xiaomisports_app,outdoor_running,1689621403,running,"{""time"":1689621403,""timezone"":4,""version"":1,""start_time"":1689621403,""end_time"":1689624279,""proto_type"":1,""sport_type"":1,""duration"":2864,""distance"":10014,""calories"":671,""max_pace"":198,""min_pace"":3584,""avg_pace"":285,""max_speed"":18.129599,""steps"":7746,""max_cadence"":10800,""avg_cadence"":162,""avg_hrm"":174,""max_hrm"":188,""min_hrm"":105,""rise_height"":0,""fall_height"":0,""avg_height"":144,""max_height"":145,""min_height"":143}",1700523789
6598522265,xiaomisports_app,outdoor_running,1690045351,running,"{""time"":1690045351,""timezone"":4,""version"":1,""start_time"":1690045351,""end_time"":1690046058,""proto_type"":1,""sport_type"":1,""duration"":706,""distance"":1199,""calories"":119,""max_pace"":393,""min_pace"":2197,""avg_pace"":588,""max_speed"":9.1404,""steps"":1586,""max_cadence"":9720,""avg_cadence"":134,""avg_hrm"":163,""max_hrm"":183,""min_hrm"":106,""rise_height"":0,""fall_height"":0,""avg_height"":-20000,""max_height"":-20000,""min_height"":-20000}",1700523788
6598522265,xiaomisports_app,outdoor_running,1690046314,running,"{""time"":1690046314,""timezone"":4,""version"":1,""start_time"":1690046314,""end_time"":1690046671,""proto_type"":1,""sport_type"":1,""duration"":356,""distance"":622,""calories"":50,""max_pace"":412,""min_pace"":2932,""avg_pace"":572,""max_speed"":8.733601,""steps"":823,""max_cadence"":9600,""avg_cadence"":140,""avg_hrm"":152,""max_hrm"":172,""min_hrm"":106,""rise_height"":0,""fall_height"":0,""avg_height"":-20000,""max_height"":-20000,""min_height"":-20000}",1700523788
6598522265,xiaomisports_app,outdoor_running,1690046710,running,"{""time"":1690046710,""timezone"":4,""version"":1,""start_time"":1690046710,""end_time"":1690048206,""proto_type"":1,""sport_type"":1,""duration"":1495,""distance"":2213,""calories"":161,""max_pace"":426,""min_pace"":2197,""avg_pace"":674,""max_speed"":8.4384,""steps"":2928,""max_cadence"":9480,""avg_cadence"":127,""avg_hrm"":128,""max_hrm"":158,""min_hrm"":86,""rise_height"":0,""fall_height"":0,""avg_height"":-20000,""max_height"":-20000,""min_height"":-20000}",1700523787
6598522265,xiaomisports_app,indoor_running,1690449186,running,"{""time"":1690449186,""timezone"":4,""version"":1,""start_time"":1690449186,""end_time"":1690450166,""proto_type"":3,""sport_type"":3,""duration"":978,""distance"":312,""calories"":13,""max_pace"":331,""min_pace"":6220,""avg_pace"":3124,""steps"":414,""max_cadence"":0,""avg_cadence"":25,""avg_hrm"":97,""max_hrm"":138,""min_hrm"":75}",1700523787
6598522265,xiaomisports_app,outdoor_running,1690654198,running,"{""time"":1690654198,""timezone"":4,""version"":1,""start_time"":1690654198,""end_time"":1690657365,""proto_type"":1,""sport_type"":1,""duration"":3166,""distance"":10020,""calories"":727,""max_pace"":194,""min_pace"":2155,""avg_pace"":315,""max_speed"":18.514801,""steps"":8302,""max_cadence"":10680,""avg_cadence"":157,""avg_hrm"":162,""max_hrm"":185,""min_hrm"":108,""rise_height"":0,""fall_height"":0,""avg_height"":143,""max_height"":143,""min_height"":143}",1700523786
6598522265,xiaomisports_app,outdoor_running,1690741804,running,"{""time"":1690741804,""timezone"":4,""version"":1,""start_time"":1690741804,""end_time"":1690744870,""proto_type"":1,""sport_type"":1,""duration"":3066,""distance"":10013,""calories"":712,""max_pace"":217,""min_pace"":1574,""avg_pace"":306,""max_speed"":16.578001,""steps"":8063,""max_cadence"":10440,""avg_cadence"":158,""avg_hrm"":160,""max_hrm"":172,""min_hrm"":100,""rise_height"":0,""fall_height"":0,""avg_height"":144,""max_height"":144,""min_height"":144}",1700523786
6598522265,xiaomisports_app,outdoor_running,1690914159,running,"{""time"":1690914159,""timezone"":4,""version"":1,""start_time"":1690914159,""end_time"":1690917055,""proto_type"":1,""sport_type"":1,""duration"":2896,""distance"":10014,""calories"":737,""max_pace"":223,""min_pace"":1254,""avg_pace"":289,""max_speed"":16.1208,""steps"":7463,""max_cadence"":10200,""avg_cadence"":154,""avg_hrm"":175,""max_hrm"":190,""min_hrm"":86,""rise_height"":0,""fall_height"":0,""avg_height"":140,""max_height"":140,""min_height"":140}",1700523784
6598522265,xiaomisports_app,outdoor_running,1691079023,running,"{""time"":1691079023,""timezone"":4,""version"":1,""start_time"":1691079023,""end_time"":1691081830,""proto_type"":1,""sport_type"":1,""duration"":2807,""distance"":10010,""calories"":678,""max_pace"":208,""min_pace"":1272,""avg_pace"":280,""max_speed"":17.226,""steps"":7301,""max_cadence"":10200,""avg_cadence"":156,""avg_hrm"":158,""max_hrm"":175,""min_hrm"":96,""rise_height"":0,""fall_height"":0,""avg_height"":144,""max_height"":144,""min_height"":144}",1700523784
6598522265,xiaomisports_app,outdoor_running,1691342207,running,"{""time"":1691342207,""timezone"":4,""version"":1,""start_time"":1691342207,""end_time"":1691344796,""proto_type"":1,""sport_type"":1,""duration"":2589,""distance"":8406,""calories"":597,""max_pace"":200,""min_pace"":1349,""avg_pace"":307,""max_speed"":17.938799,""steps"":6608,""max_cadence"":10320,""avg_cadence"":153,""avg_hrm"":156,""max_hrm"":182,""min_hrm"":107,""rise_height"":0,""fall_height"":0,""avg_height"":141,""max_height"":141,""min_height"":141}",1700523783
6598522265,xiaomisports_app,outdoor_running,1691519051,running,"{""time"":1691519051,""timezone"":4,""version"":1,""start_time"":1691519051,""end_time"":1691521794,""proto_type"":1,""sport_type"":1,""duration"":2743,""distance"":10019,""calories"":682,""max_pace"":167,""min_pace"":1048,""avg_pace"":273,""max_speed"":21.492,""steps"":7276,""max_cadence"":10680,""avg_cadence"":159,""avg_hrm"":159,""max_hrm"":172,""min_hrm"":101,""rise_height"":0,""fall_height"":0,""avg_height"":135,""max_height"":135,""min_height"":135}",1700523783
6598522265,xiaomisports_app,outdoor_running,1691688894,running,"{""time"":1691688894,""timezone"":4,""version"":1,""start_time"":1691688894,""end_time"":1691691827,""proto_type"":1,""sport_type"":1,""duration"":2932,""distance"":10030,""calories"":723,""max_pace"":187,""min_pace"":1034,""avg_pace"":292,""max_speed"":19.191599,""steps"":7639,""max_cadence"":0,""avg_cadence"":156,""avg_hrm"":166,""max_hrm"":185,""min_hrm"":103,""rise_height"":0,""fall_height"":0,""avg_height"":0,""max_height"":0,""min_height"":0}",1700523782
6598522265,xiaomisports_app,outdoor_running,1691949968,running,"{""time"":1691949968,""timezone"":4,""version"":1,""start_time"":1691949968,""end_time"":1691952728,""proto_type"":1,""sport_type"":1,""duration"":2760,""distance"":10024,""calories"":725,""max_pace"":179,""min_pace"":994,""avg_pace"":275,""max_speed"":20.062801,""steps"":7452,""max_cadence"":10800,""avg_cadence"":162,""avg_hrm"":170,""max_hrm"":184,""min_hrm"":101,""rise_height"":0,""fall_height"":0,""avg_height"":148,""max_height"":148,""min_height"":148}",1700523782
6598522265,xiaomisports_app,outdoor_running,1692121337,running,"{""time"":1692121337,""timezone"":4,""version"":1,""start_time"":1692121337,""end_time"":1692124104,""proto_type"":1,""sport_type"":1,""duration"":2766,""distance"":9764,""calories"":707,""max_pace"":208,""min_pace"":1976,""avg_pace"":283,""max_speed"":17.2584,""steps"":7358,""max_cadence"":10560,""avg_cadence"":159,""avg_hrm"":167,""max_hrm"":185,""min_hrm"":102,""rise_height"":0,""fall_height"":0,""avg_height"":144,""max_height"":144,""min_height"":144}",1700523781
6598522265,xiaomisports_app,outdoor_running,1692206412,running,"{""time"":1692206412,""timezone"":4,""version"":1,""start_time"":1692206412,""end_time"":1692209186,""proto_type"":1,""sport_type"":1,""duration"":2773,""distance"":10026,""calories"":719,""max_pace"":169,""min_pace"":1010,""avg_pace"":276,""max_speed"":21.2472,""steps"":7358,""max_cadence"":10440,""avg_cadence"":159,""avg_hrm"":160,""max_hrm"":175,""min_hrm"":114,""rise_height"":0,""fall_height"":0,""avg_height"":143,""max_height"":143,""min_height"":143}",1700523781
6598522265,xiaomisports_app,outdoor_running,1692554446,running,"{""time"":1692554446,""timezone"":4,""version"":1,""start_time"":1692554446,""end_time"":1692556582,""proto_type"":1,""sport_type"":1,""duration"":2106,""distance"":7191,""calories"":535,""max_pace"":211,""min_pace"":3968,""avg_pace"":292,""max_speed"":16.9992,""steps"":5540,""max_cadence"":0,""avg_cadence"":158,""avg_hrm"":150,""max_hrm"":175,""min_hrm"":71,""rise_height"":0,""fall_height"":0,""avg_height"":0,""max_height"":0,""min_height"":0}",1700523781
6598522265,xiaomisports_app,outdoor_running,1692615106,running,"{""time"":1692615106,""timezone"":4,""version"":1,""start_time"":1692615106,""end_time"":1692616455,""proto_type"":1,""sport_type"":1,""duration"":1346,""distance"":188,""calories"":3,""max_pace"":616,""min_pace"":4393,""avg_pace"":7150,""max_speed"":5.844156,""steps"":249,""max_cadence"":0,""avg_cadence"":11,""avg_hrm"":78,""max_hrm"":101,""min_hrm"":55,""rise_height"":0,""fall_height"":0,""avg_height"":0,""max_height"":-100000,""min_height"":100000}",1700523780
6598522265,xiaomisports_app,outdoor_running,1692811599,running,"{""time"":1692811599,""timezone"":4,""version"":1,""start_time"":1692811599,""end_time"":1692814464,""proto_type"":1,""sport_type"":1,""duration"":2851,""distance"":10014,""calories"":772,""max_pace"":206,""min_pace"":1579,""avg_pace"":284,""max_speed"":17.424002,""steps"":7542,""max_cadence"":10440,""avg_cadence"":159,""avg_hrm"":168,""max_hrm"":188,""min_hrm"":107,""rise_height"":0,""fall_height"":0,""avg_height"":145,""max_height"":149,""min_height"":141}",1700523778
6598522265,xiaomisports_app,outdoor_running,1692897800,running,"{""time"":1692897800,""timezone"":4,""version"":1,""start_time"":1692897800,""end_time"":1692900485,""proto_type"":1,""sport_type"":1,""duration"":2685,""distance"":10001,""calories"":796,""max_pace"":197,""min_pace"":2341,""avg_pace"":268,""max_speed"":18.2052,""steps"":0,""max_cadence"":9600,""avg_cadence"":160,""rise_height"":0,""fall_height"":0,""avg_height"":147,""max_height"":147,""min_height"":147}",1700523777
6598522265,xiaomisports_app,outdoor_running,1693157604,running,"{""time"":1693157604,""timezone"":4,""version"":1,""start_time"":1693157604,""end_time"":1693160366,""proto_type"":1,""sport_type"":1,""duration"":2762,""distance"":10029,""calories"":799,""max_pace"":203,""min_pace"":1428,""avg_pace"":275,""max_speed"":17.694,""steps"":0,""max_cadence"":0,""avg_cadence"":0,""rise_height"":0,""fall_height"":0,""avg_height"":140,""max_height"":140,""min_height"":140}",1700523777
6598522265,xiaomisports_app,outdoor_running,1693329158,running,"{""time"":1693329158,""timezone"":4,""version"":1,""start_time"":1693329158,""end_time"":1693332042,""proto_type"":1,""sport_type"":1,""duration"":2883,""distance"":10022,""calories"":796,""max_pace"":164,""min_pace"":2028,""avg_pace"":287,""max_speed"":21.852,""steps"":0,""max_cadence"":0,""avg_cadence"":0,""rise_height"":0,""fall_height"":0,""avg_height"":137,""max_height"":137,""min_height"":137}",1700523776
6598522265,xiaomisports_app,outdoor_running,1693762681,running,"{""time"":1693762681,""timezone"":4,""version"":1,""start_time"":1693762681,""end_time"":1693765497,""proto_type"":1,""sport_type"":1,""duration"":2816,""distance"":10020,""calories"":727,""max_pace"":186,""min_pace"":1538,""avg_pace"":280,""max_speed"":19.3464,""steps"":7573,""max_cadence"":10800,""avg_cadence"":161,""avg_hrm"":166,""max_hrm"":181,""min_hrm"":113,""rise_height"":0,""fall_height"":0,""avg_height"":146,""max_height"":146,""min_height"":146}",1700523776
6598522265,xiaomisports_app,outdoor_running,1693934199,running,"{""time"":1693934199,""timezone"":4,""version"":1,""start_time"":1693934199,""end_time"":1693936959,""proto_type"":1,""sport_type"":1,""duration"":2760,""distance"":10008,""calories"":716,""max_pace"":210,""min_pace"":1600,""avg_pace"":275,""max_speed"":17.0784,""steps"":7473,""max_cadence"":10560,""avg_cadence"":162,""avg_hrm"":172,""max_hrm"":185,""min_hrm"":91,""rise_height"":0,""fall_height"":0,""avg_height"":129,""max_height"":129,""min_height"":129}",1700523775
6598522265,xiaomisports_app,outdoor_running,1694019110,running,"{""time"":1694019110,""timezone"":4,""version"":1,""start_time"":1694019110,""end_time"":1694021957,""proto_type"":1,""sport_type"":1,""duration"":2801,""distance"":10008,""calories"":719,""max_pace"":190,""min_pace"":1782,""avg_pace"":279,""max_speed"":18.8856,""steps"":7421,""max_cadence"":11040,""avg_cadence"":159,""avg_hrm"":108,""max_hrm"":128,""min_hrm"":96,""rise_height"":0,""fall_height"":0,""avg_height"":143.5,""max_height"":149,""min_height"":138}",1700523775
6598522265,xiaomisports_app,outdoor_running,1694189305,running,"{""time"":1694189305,""timezone"":4,""version"":1,""start_time"":1694189305,""end_time"":1694191226,""proto_type"":1,""sport_type"":1,""duration"":1921,""distance"":6470,""calories"":430,""max_pace"":234,""min_pace"":1501,""avg_pace"":296,""max_speed"":15.336,""steps"":5037,""max_cadence"":10320,""avg_cadence"":157,""avg_hrm"":166,""max_hrm"":177,""min_hrm"":106,""rise_height"":0,""fall_height"":0,""avg_height"":149,""max_height"":149,""min_height"":149}",1700523774
6598522265,xiaomisports_app,outdoor_running,1694191288,running,"{""time"":1694191288,""timezone"":4,""version"":1,""start_time"":1694191288,""end_time"":1694191931,""proto_type"":1,""sport_type"":1,""duration"":642,""distance"":2009,""calories"":136,""max_pace"":243,""min_pace"":1161,""avg_pace"":319,""max_speed"":14.756399,""steps"":1615,""max_cadence"":9600,""avg_cadence"":153,""avg_hrm"":160,""max_hrm"":173,""min_hrm"":107,""rise_height"":0,""fall_height"":0,""avg_height"":167,""max_height"":167,""min_height"":167}",1700523773
6598522265,xiaomisports_app,outdoor_running,1694532571,running,"{""time"":1694532571,""timezone"":4,""version"":1,""start_time"":1694532571,""end_time"":1694535470,""proto_type"":1,""sport_type"":1,""duration"":2898,""distance"":10026,""calories"":723,""max_pace"":205,""min_pace"":1915,""avg_pace"":289,""max_speed"":17.5248,""steps"":7599,""max_cadence"":10320,""avg_cadence"":158,""avg_hrm"":175,""max_hrm"":190,""min_hrm"":69,""rise_height"":0,""fall_height"":0,""avg_height"":143,""max_height"":143,""min_height"":143}",1700523773
6598522265,xiaomisports_app,outdoor_running,1694621375,running,"{""time"":1694621375,""timezone"":4,""version"":1,""start_time"":1694621375,""end_time"":1694624160,""proto_type"":1,""sport_type"":1,""duration"":2778,""distance"":10008,""calories"":671,""max_pace"":139,""min_pace"":1715,""avg_pace"":277,""max_speed"":25.7508,""steps"":7365,""max_cadence"":11160,""avg_cadence"":159,""avg_hrm"":173,""max_hrm"":186,""min_hrm"":76,""rise_height"":0,""fall_height"":0,""avg_height"":140.5,""max_height"":144,""min_height"":137}",1700523770
6598522265,xiaomisports_app,outdoor_running,1694967392,running,"{""time"":1694967392,""timezone"":4,""version"":1,""start_time"":1694967392,""end_time"":1694970267,""proto_type"":1,""sport_type"":1,""duration"":2874,""distance"":10006,""calories"":719,""max_pace"":193,""min_pace"":1046,""avg_pace"":287,""max_speed"":18.590399,""steps"":7661,""max_cadence"":10560,""avg_cadence"":160,""avg_hrm"":178,""max_hrm"":186,""min_hrm"":105,""rise_height"":0,""fall_height"":0,""avg_height"":132,""max_height"":132,""min_height"":132}",1700523770
6598522265,xiaomisports_app,outdoor_running,1695311325,running,"{""time"":1695311325,""timezone"":4,""version"":1,""start_time"":1695311325,""end_time"":1695314167,""proto_type"":1,""sport_type"":1,""duration"":2840,""distance"":8377,""calories"":661,""max_pace"":177,""min_pace"":2100,""avg_pace"":338,""max_speed"":20.282398,""steps"":4,""max_cadence"":9960,""avg_cadence"":166,""rise_height"":0,""fall_height"":0,""avg_height"":143,""max_height"":143,""min_height"":143}",1700523770
6598522265,xiaomisports_app,outdoor_running,1695573633,running,"{""time"":1695573633,""timezone"":4,""version"":1,""start_time"":1695573633,""end_time"":1695576424,""proto_type"":1,""sport_type"":1,""duration"":2791,""distance"":10022,""calories"":678,""max_pace"":178,""min_pace"":1183,""avg_pace"":278,""max_speed"":20.1924,""steps"":7307,""max_cadence"":10440,""avg_cadence"":157,""avg_hrm"":171,""max_hrm"":188,""min_hrm"":105,""rise_height"":0,""fall_height"":0,""avg_height"":142,""max_height"":142,""min_height"":142}",1700523769
6598522265,xiaomisports_app,outdoor_running,1695742249,running,"{""time"":1695742249,""timezone"":4,""version"":1,""start_time"":1695742249,""end_time"":1695745007,""proto_type"":1,""sport_type"":1,""duration"":2757,""distance"":10005,""calories"":653,""max_pace"":167,""min_pace"":5780,""avg_pace"":275,""max_speed"":21.441599,""steps"":7147,""max_cadence"":10080,""avg_cadence"":156,""avg_hrm"":159,""max_hrm"":173,""min_hrm"":106,""rise_height"":0,""fall_height"":0,""avg_height"":137,""max_height"":137,""min_height"":137}",1700523769
6598522265,xiaomisports_app,outdoor_running,1695914362,running,"{""time"":1695914362,""timezone"":4,""version"":1,""start_time"":1695914362,""end_time"":1695917177,""proto_type"":1,""sport_type"":1,""duration"":2815,""distance"":10028,""calories"":694,""max_pace"":159,""min_pace"":1259,""avg_pace"":280,""max_speed"":22.5432,""steps"":7432,""max_cadence"":11520,""avg_cadence"":158,""avg_hrm"":170,""max_hrm"":185,""min_hrm"":79,""rise_height"":0,""fall_height"":0,""avg_height"":137,""max_height"":137,""min_height"":137}",1700523768
6598522265,xiaomisports_app,outdoor_running,1696346528,running,"{""time"":1696346528,""timezone"":4,""version"":1,""start_time"":1696346528,""end_time"":1696348766,""proto_type"":1,""sport_type"":1,""duration"":2238,""distance"":7503,""calories"":535,""max_pace"":195,""min_pace"":1333,""avg_pace"":298,""max_speed"":18.432,""steps"":5824,""max_cadence"":10440,""avg_cadence"":156,""avg_hrm"":156,""max_hrm"":170,""min_hrm"":98,""rise_height"":0,""fall_height"":0,""avg_height"":132,""max_height"":132,""min_height"":132}",1700523768
6598522265,xiaomisports_app,outdoor_running,1696433565,running,"{""time"":1696433565,""timezone"":4,""version"":1,""start_time"":1696433565,""end_time"":1696436332,""proto_type"":1,""sport_type"":1,""duration"":2766,""distance"":10019,""calories"":710,""max_pace"":172,""min_pace"":2242,""avg_pace"":276,""max_speed"":20.8404,""steps"":7220,""max_cadence"":10800,""avg_cadence"":156,""avg_hrm"":166,""max_hrm"":188,""min_hrm"":104,""rise_height"":0,""fall_height"":0,""avg_height"":140,""max_height"":140,""min_height"":140}",1700523767
6598522265,xiaomisports_app,outdoor_running,1696780786,running,"{""time"":1696780786,""timezone"":4,""version"":1,""start_time"":1696780786,""end_time"":1696783533,""proto_type"":1,""sport_type"":1,""duration"":2747,""distance"":10014,""calories"":672,""max_pace"":205,""min_pace"":1436,""avg_pace"":274,""max_speed"":17.532,""steps"":7335,""max_cadence"":11160,""avg_cadence"":160,""avg_hrm"":165,""max_hrm"":182,""min_hrm"":106,""rise_height"":0,""fall_height"":0,""avg_height"":140,""max_height"":140,""min_height"":140}",1700523767
6598522265,xiaomisports_app,outdoor_running,1696949311,running,"{""time"":1696949311,""timezone"":4,""version"":1,""start_time"":1696949311,""end_time"":1696952190,""proto_type"":1,""sport_type"":1,""duration"":2857,""distance"":10033,""calories"":797,""max_pace"":203,""min_pace"":2016,""avg_pace"":284,""max_speed"":17.726398,""steps"":0,""max_cadence"":0,""avg_cadence"":0,""rise_height"":0,""fall_height"":0,""avg_height"":139.5,""max_height"":142,""min_height"":137}",1700523767
6598522265,xiaomisports_app,outdoor_running,1697382983,running,"{""time"":1697382983,""timezone"":4,""version"":1,""start_time"":1697382983,""end_time"":1697385743,""proto_type"":1,""sport_type"":1,""duration"":2760,""distance"":10038,""calories"":730,""max_pace"":182,""min_pace"":1077,""avg_pace"":274,""max_speed"":19.767601,""steps"":7494,""max_cadence"":11520,""avg_cadence"":163,""avg_hrm"":165,""max_hrm"":186,""min_hrm"":100,""rise_height"":0,""fall_height"":0,""avg_height"":136,""max_height"":136,""min_height"":136}",1700523764
6598522265,xiaomisports_app,outdoor_running,1698580831,running,"{""time"":1698580831,""timezone"":4,""version"":1,""start_time"":1698580831,""end_time"":1698583671,""proto_type"":1,""sport_type"":1,""duration"":2840,""distance"":10018,""calories"":797,""max_pace"":180,""min_pace"":3289,""avg_pace"":283,""max_speed"":19.9476,""steps"":0,""max_cadence"":0,""avg_cadence"":0,""rise_height"":0,""fall_height"":0,""avg_height"":174,""max_height"":174,""min_height"":174}",1700523764
6598522265,xiaomisports_app,outdoor_running,1698653812,running,"{""time"":1698653812,""timezone"":4,""version"":1,""start_time"":1698653812,""end_time"":1698656730,""proto_type"":1,""sport_type"":1,""duration"":2918,""distance"":10016,""calories"":731,""max_pace"":203,""min_pace"":2666,""avg_pace"":291,""max_speed"":17.6544,""steps"":7310,""max_cadence"":10560,""avg_cadence"":149,""avg_hrm"":175,""max_hrm"":195,""min_hrm"":125,""rise_height"":0,""fall_height"":0,""avg_height"":155,""max_height"":155,""min_height"":155}",1700523764
6598522265,xiaomisports_app,outdoor_running,1698824023,running,"{""time"":1698824023,""timezone"":4,""version"":1,""start_time"":1698824023,""end_time"":1698826801,""proto_type"":1,""sport_type"":1,""duration"":2778,""distance"":10021,""calories"":662,""max_pace"":200,""min_pace"":2932,""avg_pace"":277,""max_speed"":17.982,""steps"":7348,""max_cadence"":10320,""avg_cadence"":158,""avg_hrm"":157,""max_hrm"":175,""min_hrm"":71,""rise_height"":0,""fall_height"":0,""avg_height"":141,""max_height"":141,""min_height"":141}",1700523763
6598522265,xiaomisports_app,outdoor_running,1699086077,running,"{""time"":1699086077,""timezone"":4,""version"":1,""start_time"":1699086077,""end_time"":1699361101,""proto_type"":1,""sport_type"":1,""duration"":1729,""distance"":6133,""calories"":446,""max_pace"":199,""min_pace"":1562,""avg_pace"":281,""max_speed"":18.09,""steps"":4510,""max_cadence"":10680,""avg_cadence"":156,""avg_hrm"":161,""max_hrm"":181,""min_hrm"":101,""rise_height"":0,""fall_height"":0,""avg_height"":138,""max_height"":138,""min_height"":138}",1700523763
6598522265,xiaomisports_app,outdoor_running,1699087884,running,"{""time"":1699087884,""timezone"":4,""version"":1,""start_time"":1699087884,""end_time"":1699088985,""proto_type"":1,""sport_type"":1,""duration"":1097,""distance"":2149,""calories"":178,""max_pace"":395,""min_pace"":2929,""avg_pace"":510,""max_speed"":9.113924,""steps"":2843,""max_cadence"":0,""avg_cadence"":155,""avg_hrm"":147,""max_hrm"":174,""min_hrm"":92,""rise_height"":0,""fall_height"":0,""avg_height"":0,""max_height"":-100000,""min_height"":100000}",1700523762
6598522265,xiaomisports_app,outdoor_running,1699361272,running,"{""time"":1699361272,""timezone"":4,""version"":1,""start_time"":1699361272,""end_time"":1699364553,""proto_type"":1,""sport_type"":1,""duration"":3282,""distance"":10021,""calories"":736,""max_pace"":173,""min_pace"":3184,""avg_pace"":327,""max_speed"":20.739601,""steps"":7972,""max_cadence"":10680,""avg_cadence"":146,""avg_hrm"":128,""max_hrm"":170,""min_hrm"":97,""rise_height"":0,""fall_height"":0,""avg_height"":135,""max_height"":135,""min_height"":135}",1700523762
6598522265,xiaomisports_app,outdoor_running,1699611967,running,"{""time"":1699611967,""timezone"":4,""version"":1,""start_time"":1699611967,""end_time"":1699614907,""proto_type"":1,""sport_type"":1,""duration"":2940,""distance"":10041,""calories"":684,""max_pace"":197,""min_pace"":1042,""avg_pace"":292,""max_speed"":18.241201,""steps"":7521,""max_cadence"":10800,""avg_cadence"":153,""avg_hrm"":149,""max_hrm"":168,""min_hrm"":93,""rise_height"":0,""fall_height"":0,""avg_height"":187,""max_height"":187,""min_height"":187}",1700523761
6598522265,xiaomisports_app,outdoor_running,1699790496,running,"{""time"":1699790496,""timezone"":4,""version"":1,""start_time"":1699790496,""end_time"":1699793227,""proto_type"":1,""sport_type"":1,""duration"":2731,""distance"":10019,""calories"":798,""max_pace"":170,""min_pace"":1026,""avg_pace"":272,""max_speed"":21.1644,""steps"":0,""max_cadence"":0,""avg_cadence"":0,""rise_height"":0,""fall_height"":0,""avg_height"":139,""max_height"":139,""min_height"":139}",1700523761
6598522265,xiaomisports_app,outdoor_running,1699960891,running,"{""time"":1699960891,""timezone"":4,""version"":1,""start_time"":1699960891,""end_time"":1699963987,""proto_type"":1,""sport_type"":1,""duration"":3081,""distance"":10013,""calories"":714,""max_pace"":165,""min_pace"":4854,""avg_pace"":307,""max_speed"":21.700798,""steps"":7689,""max_cadence"":10800,""avg_cadence"":150,""avg_hrm"":149,""max_hrm"":176,""min_hrm"":100,""rise_height"":0,""fall_height"":0,""avg_height"":142.5,""max_height"":144,""min_height"":141}",1713360454
6598522265,xiaomiwear_app,outdoor_running,1700566566,running,"{""avg_height"":0.0,""calories"":645,""distance"":10088,""duration"":2848,""end_time"":1700569417,""entityEndTime"":1700569417,""entityOffsetTime"":3600,""entityStartTime"":1700566566,""max_cadence"":210,""max_height"":0.0,""max_pace"":201,""max_speed"":17.0,""min_height"":0.0,""min_pace"":1873,""proto_type"":22,""sport_type"":1,""start_time"":1700566566,""steps"":7411,""time"":1700566566,""training_experience"":3,""timezone"":4,""version"":5}",1713360585
6598522265,xiaomisports_app,outdoor_running,1700639680,running,"{""time"":1700639680,""timezone"":4,""version"":1,""start_time"":1700639680,""end_time"":1700643062,""proto_type"":1,""sport_type"":1,""duration"":2821,""distance"":5695,""calories"":484,""max_pace"":191,""min_pace"":1697,""avg_pace"":495,""max_speed"":18.8064,""steps"":7127,""max_cadence"":0,""avg_cadence"":152,""avg_hrm"":159,""max_hrm"":175,""min_hrm"":81,""rise_height"":0,""fall_height"":0,""avg_height"":0,""max_height"":0,""min_height"":0}",1713360453
6598522265,xiaomisports_app,outdoor_running,1700987190,running,"{""time"":1700987190,""timezone"":4,""version"":1,""start_time"":1700987190,""end_time"":1700990186,""proto_type"":1,""sport_type"":1,""duration"":2792,""distance"":10021,""calories"":704,""max_pace"":167,""min_pace"":2570,""avg_pace"":278,""max_speed"":21.506401,""steps"":7255,""max_cadence"":10800,""avg_cadence"":158,""avg_hrm"":151,""max_hrm"":169,""min_hrm"":75,""rise_height"":0,""fall_height"":0,""avg_height"":138,""max_height"":144,""min_height"":132}",1713360453
6598522265,xiaomisports_app,outdoor_running,1701171160,running,"{""time"":1701171160,""timezone"":4,""version"":1,""start_time"":1701171160,""end_time"":1701174025,""proto_type"":1,""sport_type"":1,""duration"":2865,""distance"":10014,""calories"":744,""max_pace"":193,""min_pace"":2123,""avg_pace"":285,""max_speed"":18.615599,""steps"":7468,""max_cadence"":10440,""avg_cadence"":156,""avg_hrm"":161,""max_hrm"":180,""min_hrm"":101,""rise_height"":0,""fall_height"":0,""avg_height"":137,""max_height"":137,""min_height"":137}",1713360452
6598522265,xiaomisports_app,outdoor_running,1701353474,running,"{""time"":1701353474,""timezone"":4,""version"":1,""start_time"":1701353474,""end_time"":1701356326,""proto_type"":1,""sport_type"":1,""duration"":2852,""distance"":10015,""calories"":704,""max_pace"":176,""min_pace"":2202,""avg_pace"":284,""max_speed"":20.43,""steps"":7445,""max_cadence"":10560,""avg_cadence"":156,""avg_hrm"":159,""max_hrm"":179,""min_hrm"":124,""rise_height"":0,""fall_height"":0,""avg_height"":138,""max_height"":138,""min_height"":138}",1713360451
6598522265,xiaomisports_app,outdoor_running,1701692675,running,"{""time"":1701692675,""timezone"":4,""version"":1,""start_time"":1701692675,""end_time"":1701695589,""proto_type"":1,""sport_type"":1,""duration"":2914,""distance"":10018,""calories"":763,""max_pace"":211,""min_pace"":2525,""avg_pace"":290,""max_speed"":17.002802,""steps"":7536,""max_cadence"":10320,""avg_cadence"":155,""avg_hrm"":150,""max_hrm"":170,""min_hrm"":78,""rise_height"":0,""fall_height"":0,""avg_height"":139,""max_height"":139,""min_height"":139}",1713360450
6598522265,xiaomisports_app,outdoor_running,1701955531,running,"{""time"":1701955531,""timezone"":4,""version"":1,""start_time"":1701955531,""end_time"":1701958673,""proto_type"":1,""sport_type"":1,""duration"":3143,""distance"":10031,""calories"":769,""max_pace"":184,""min_pace"":1926,""avg_pace"":313,""max_speed"":19.4868,""steps"":7852,""max_cadence"":10200,""avg_cadence"":150,""avg_hrm"":174,""max_hrm"":184,""min_hrm"":100,""rise_height"":0,""fall_height"":0,""avg_height"":137,""max_height"":137,""min_height"":137}",1713360450
6598522265,xiaomisports_app,outdoor_running,1702456337,running,"{""time"":1702456337,""timezone"":4,""version"":1,""start_time"":1702456337,""end_time"":1702459358,""proto_type"":1,""sport_type"":1,""duration"":3020,""distance"":10033,""calories"":764,""max_pace"":171,""min_pace"":1226,""avg_pace"":300,""max_speed"":20.952002,""steps"":7853,""max_cadence"":10560,""avg_cadence"":156,""avg_hrm"":156,""max_hrm"":174,""min_hrm"":105,""rise_height"":0,""fall_height"":0,""avg_height"":140,""max_height"":140,""min_height"":140}",1713360449
6598522265,xiaomisports_app,outdoor_running,1702980220,running,"{""time"":1702980220,""timezone"":4,""version"":1,""start_time"":1702980220,""end_time"":1702983025,""proto_type"":1,""sport_type"":1,""duration"":2804,""distance"":10023,""calories"":742,""max_pace"":203,""min_pace"":1269,""avg_pace"":279,""max_speed"":17.661602,""steps"":7495,""max_cadence"":10800,""avg_cadence"":160,""avg_hrm"":180,""max_hrm"":214,""min_hrm"":71,""rise_height"":0,""fall_height"":0,""avg_height"":137,""max_height"":137,""min_height"":137}",1713360448
6598522265,xiaomisports_app,outdoor_running,1703423963,running,"{""time"":1703423963,""timezone"":4,""version"":1,""start_time"":1703423963,""end_time"":1703426838,""proto_type"":1,""sport_type"":1,""duration"":2875,""distance"":10024,""calories"":754,""max_pace"":202,""min_pace"":1257,""avg_pace"":286,""max_speed"":17.748,""steps"":7598,""max_cadence"":10560,""avg_cadence"":159,""avg_hrm"":158,""max_hrm"":175,""min_hrm"":106,""rise_height"":0,""fall_height"":0,""avg_height"":128,""max_height"":128,""min_height"":128}",1713360448
6598522265,xiaomisports_app,outdoor_running,1703597378,running,"{""time"":1703597378,""timezone"":4,""version"":1,""start_time"":1703597378,""end_time"":1703600311,""proto_type"":1,""sport_type"":1,""duration"":2933,""distance"":10025,""calories"":749,""max_pace"":186,""min_pace"":1594,""avg_pace"":292,""max_speed"":19.2708,""steps"":7651,""max_cadence"":10440,""avg_cadence"":156,""avg_hrm"":177,""max_hrm"":194,""min_hrm"":102,""rise_height"":0,""fall_height"":0,""avg_height"":149,""max_height"":149,""min_height"":149}",1713360445
6598522265,xiaomisports_app,outdoor_running,1703859169,running,"{""time"":1703859169,""timezone"":4,""version"":1,""start_time"":1703859169,""end_time"":1703861970,""proto_type"":1,""sport_type"":1,""duration"":2800,""distance"":10023,""calories"":798,""max_pace"":192,""min_pace"":2012,""avg_pace"":279,""max_speed"":18.6624,""steps"":1,""max_cadence"":10080,""avg_cadence"":168,""rise_height"":0,""fall_height"":0,""avg_height"":138,""max_height"":138,""min_height"":138}",1713360445
6598522265,xiaomisports_app,outdoor_running,1704031801,running,"{""time"":1704031801,""timezone"":4,""version"":1,""start_time"":1704031801,""end_time"":1704034618,""proto_type"":1,""sport_type"":1,""duration"":2817,""distance"":10017,""calories"":513,""max_pace"":191,""min_pace"":2272,""avg_pace"":281,""max_speed"":18.7956,""steps"":7627,""max_cadence"":10560,""avg_cadence"":162,""avg_hrm"":99,""max_hrm"":122,""min_hrm"":86,""rise_height"":0,""fall_height"":0,""avg_height"":136,""max_height"":136,""min_height"":136}",1713360444
6598522265,xiaomisports_app,outdoor_running,1704374645,running,"{""time"":1704374645,""timezone"":4,""version"":1,""start_time"":1704374645,""end_time"":1704377616,""proto_type"":1,""sport_type"":1,""duration"":2970,""distance"":10017,""calories"":737,""max_pace"":216,""min_pace"":1288,""avg_pace"":296,""max_speed"":16.628399,""steps"":7719,""max_cadence"":10320,""avg_cadence"":156,""avg_hrm"":178,""max_hrm"":191,""min_hrm"":100,""rise_height"":0,""fall_height"":0,""avg_height"":138,""max_height"":138,""min_height"":138}",1713360443
6598522265,xiaomisports_app,outdoor_running,1704890700,running,"{""time"":1704890700,""timezone"":4,""version"":1,""start_time"":1704890700,""end_time"":1704893034,""proto_type"":1,""sport_type"":1,""duration"":2333,""distance"":7616,""calories"":568,""max_pace"":205,""min_pace"":2702,""avg_pace"":306,""max_speed"":17.55,""steps"":6068,""max_cadence"":0,""avg_cadence"":156,""avg_hrm"":173,""max_hrm"":192,""min_hrm"":106,""rise_height"":0,""fall_height"":0,""avg_height"":0,""max_height"":0,""min_height"":0}",1713360443
6598522265,xiaomisports_app,outdoor_running,1706457973,running,"{""time"":1706457973,""timezone"":4,""version"":1,""start_time"":1706457973,""end_time"":1706460151,""proto_type"":1,""sport_type"":1,""duration"":2178,""distance"":7230,""calories"":576,""max_pace"":170,""min_pace"":1490,""avg_pace"":301,""max_speed"":21.06,""steps"":0,""max_cadence"":0,""avg_cadence"":0,""rise_height"":0,""fall_height"":0,""avg_height"":143,""max_height"":143,""min_height"":143}",1713360443
6598522265,xiaomisports_app,outdoor_running,1706628158,running,"{""time"":1706628158,""timezone"":4,""version"":1,""start_time"":1706628158,""end_time"":1706630178,""proto_type"":1,""sport_type"":1,""duration"":2019,""distance"":6621,""calories"":473,""max_pace"":215,""min_pace"":1612,""avg_pace"":304,""max_speed"":16.668,""steps"":5139,""max_cadence"":10080,""avg_cadence"":153,""avg_hrm"":160,""max_hrm"":195,""min_hrm"":107,""rise_height"":0,""fall_height"":0,""avg_height"":143,""max_height"":143,""min_height"":143}",1713360442
6598522265,xiaomisports_app,outdoor_running,1706882630,running,"{""time"":1706882630,""timezone"":4,""version"":1,""start_time"":1706882630,""end_time"":1706885624,""proto_type"":1,""sport_type"":1,""duration"":2983,""distance"":10027,""calories"":797,""max_pace"":200,""min_pace"":2444,""avg_pace"":297,""max_speed"":17.9856,""steps"":0,""max_cadence"":0,""avg_cadence"":0,""rise_height"":0,""fall_height"":0,""avg_height"":145.5,""max_height"":155,""min_height"":136}",1713360441
6598522265,xiaomisports_app,outdoor_running,1707829152,running,"{""time"":1707829152,""timezone"":4,""version"":1,""start_time"":1707829152,""end_time"":1707832043,""proto_type"":1,""sport_type"":1,""duration"":2881,""distance"":10025,""calories"":751,""max_pace"":211,""min_pace"":1582,""avg_pace"":287,""max_speed"":17.0496,""steps"":7597,""max_cadence"":10560,""avg_cadence"":158,""avg_hrm"":170,""max_hrm"":197,""min_hrm"":81,""rise_height"":0,""fall_height"":0,""avg_height"":147,""max_height"":147,""min_height"":147}",1713360441
6598522265,xiaomisports_app,outdoor_running,1708009467,running,"{""time"":1708009467,""timezone"":4,""version"":1,""start_time"":1708009467,""end_time"":1708012261,""proto_type"":1,""sport_type"":1,""duration"":2795,""distance"":9786,""calories"":732,""max_pace"":203,""min_pace"":2232,""avg_pace"":285,""max_speed"":17.6544,""steps"":7393,""max_cadence"":10440,""avg_cadence"":159,""avg_hrm"":186,""max_hrm"":201,""min_hrm"":107,""rise_height"":0,""fall_height"":0,""avg_height"":131,""max_height"":131,""min_height"":131}",1713360440
6598522265,xiaomisports_app,outdoor_running,1708264981,running,"{""time"":1708264981,""timezone"":4,""version"":1,""start_time"":1708264981,""end_time"":1708267950,""proto_type"":1,""sport_type"":1,""duration"":2968,""distance"":10025,""calories"":736,""max_pace"":209,""min_pace"":947,""avg_pace"":295,""max_speed"":17.172,""steps"":7880,""max_cadence"":10560,""avg_cadence"":159,""avg_hrm"":173,""max_hrm"":185,""min_hrm"":81,""rise_height"":0,""fall_height"":0,""avg_height"":150,""max_height"":150,""min_height"":150}",1713360438
6598522265,xiaomisports_app,outdoor_running,1708778310,running,"{""time"":1708778310,""timezone"":4,""version"":1,""start_time"":1708778310,""end_time"":1708781634,""proto_type"":1,""sport_type"":1,""duration"":3315,""distance"":10041,""calories"":847,""max_pace"":199,""min_pace"":4132,""avg_pace"":330,""max_speed"":18.0468,""steps"":8403,""max_cadence"":10320,""avg_cadence"":152,""avg_hrm"":177,""max_hrm"":192,""min_hrm"":80,""rise_height"":0,""fall_height"":0,""avg_height"":140,""max_height"":142,""min_height"":138}",1713360437
6598522265,xiaomisports_app,outdoor_running,1708866358,running,"{""time"":1708866358,""timezone"":4,""version"":1,""start_time"":1708866358,""end_time"":1708869297,""proto_type"":1,""sport_type"":1,""duration"":2939,""distance"":10021,""calories"":759,""max_pace"":199,""min_pace"":1109,""avg_pace"":293,""max_speed"":18.0216,""steps"":7656,""max_cadence"":10560,""avg_cadence"":156,""avg_hrm"":174,""max_hrm"":190,""min_hrm"":105,""rise_height"":0,""fall_height"":0,""avg_height"":140,""max_height"":140,""min_height"":140}",1713360436
6598522265,xiaomisports_app,outdoor_running,1709303070,running,"{""time"":1709303070,""timezone"":4,""version"":1,""start_time"":1709303070,""end_time"":1709306081,""proto_type"":1,""sport_type"":1,""duration"":3010,""distance"":10039,""calories"":801,""max_pace"":167,""min_pace"":1360,""avg_pace"":299,""max_speed"":21.4704,""steps"":7753,""max_cadence"":10920,""avg_cadence"":155,""avg_hrm"":184,""max_hrm"":193,""min_hrm"":105,""rise_height"":0,""fall_height"":0,""avg_height"":149,""max_height"":149,""min_height"":149}",1713360436
6598522265,xiaomisports_app,outdoor_running,1709480247,running,"{""time"":1709480247,""timezone"":4,""version"":1,""start_time"":1709480247,""end_time"":1709483283,""proto_type"":1,""sport_type"":1,""duration"":3036,""distance"":10032,""calories"":842,""max_pace"":203,""min_pace"":1773,""avg_pace"":302,""max_speed"":17.658,""steps"":0,""max_cadence"":0,""avg_cadence"":0,""rise_height"":0,""fall_height"":0,""avg_height"":138,""max_height"":138,""min_height"":138}",1713360435
6598522265,xiaomisports_app,outdoor_running,1709999880,running,"{""time"":1709999880,""timezone"":4,""version"":1,""start_time"":1709999880,""end_time"":1710002055,""proto_type"":1,""sport_type"":1,""duration"":2173,""distance"":7166,""calories"":548,""max_pace"":211,""min_pace"":2386,""avg_pace"":303,""max_speed"":17.0424,""steps"":5594,""max_cadence"":10200,""avg_cadence"":154,""avg_hrm"":151,""max_hrm"":182,""min_hrm"":78,""rise_height"":0,""fall_height"":0,""avg_height"":143.5,""max_height"":144,""min_height"":143}",1713360435
6598522265,xiaomisports_app,outdoor_running,1710085106,running,"{""time"":1710085106,""timezone"":4,""version"":1,""start_time"":1710085106,""end_time"":1710088004,""proto_type"":1,""sport_type"":1,""duration"":2890,""distance"":10028,""calories"":691,""max_pace"":216,""min_pace"":1992,""avg_pace"":288,""max_speed"":16.65,""steps"":7606,""max_cadence"":10560,""avg_cadence"":158,""avg_hrm"":165,""max_hrm"":192,""min_hrm"":71,""rise_height"":0,""fall_height"":0,""avg_height"":146.5,""max_height"":148,""min_height"":145}",1713360434
6598522265,xiaomisports_app,outdoor_running,1710259945,running,"{""time"":1710259945,""timezone"":4,""version"":1,""start_time"":1710259945,""end_time"":1710262107,""proto_type"":1,""sport_type"":1,""duration"":2161,""distance"":7125,""calories"":541,""max_pace"":216,""min_pace"":1552,""avg_pace"":303,""max_speed"":16.6572,""steps"":5651,""max_cadence"":10440,""avg_cadence"":157,""avg_hrm"":166,""max_hrm"":201,""min_hrm"":86,""rise_height"":0,""fall_height"":0,""avg_height"":146,""max_height"":146,""min_height"":146}",1713360433
6598522265,xiaomisports_app,outdoor_running,1710423820,running,"{""time"":1710423820,""timezone"":4,""version"":1,""start_time"":1710423820,""end_time"":1710426881,""proto_type"":1,""sport_type"":1,""duration"":3060,""distance"":10036,""calories"":798,""max_pace"":158,""min_pace"":2227,""avg_pace"":304,""max_speed"":22.6728,""steps"":7866,""max_cadence"":10800,""avg_cadence"":154,""avg_hrm"":175,""max_hrm"":192,""min_hrm"":106,""rise_height"":0,""fall_height"":0,""avg_height"":152,""max_height"":152,""min_height"":152}",1713360433
6598522265,xiaomisports_app,outdoor_running,1710777547,running,"{""time"":1710777547,""timezone"":4,""version"":1,""start_time"":1710777547,""end_time"":1710780478,""proto_type"":1,""sport_type"":1,""duration"":2930,""distance"":10028,""calories"":801,""max_pace"":209,""min_pace"":2053,""avg_pace"":292,""max_speed"":17.2188,""steps"":7819,""max_cadence"":10560,""avg_cadence"":160,""avg_hrm"":157,""max_hrm"":169,""min_hrm"":107,""rise_height"":0,""fall_height"":0,""avg_height"":134,""max_height"":134,""min_height"":134}",1713360432
6598522265,xiaomisports_app,outdoor_running,1710946310,running,"{""time"":1710946310,""timezone"":4,""version"":1,""start_time"":1710946310,""end_time"":1710949289,""proto_type"":1,""sport_type"":1,""duration"":2974,""distance"":10030,""calories"":725,""max_pace"":183,""min_pace"":3184,""avg_pace"":296,""max_speed"":19.6164,""steps"":7766,""max_cadence"":10680,""avg_cadence"":157,""avg_hrm"":151,""max_hrm"":188,""min_hrm"":88,""rise_height"":0,""fall_height"":0,""avg_height"":138.5,""max_height"":141,""min_height"":136}",1713360430
6598522265,xiaomisports_app,outdoor_running,1711116962,running,"{""time"":1711116962,""timezone"":4,""version"":1,""start_time"":1711116962,""end_time"":1711120001,""proto_type"":1,""sport_type"":1,""duration"":3039,""distance"":10036,""calories"":806,""max_pace"":171,""min_pace"":4504,""avg_pace"":302,""max_speed"":20.9988,""steps"":7783,""max_cadence"":0,""avg_cadence"":154,""avg_hrm"":179,""max_hrm"":196,""min_hrm"":71,""rise_height"":0,""fall_height"":0,""avg_height"":0,""max_height"":0,""min_height"":0}",1713360429
6598522265,xiaomisports_app,outdoor_running,1711292152,running,"{""time"":1711292152,""timezone"":4,""version"":1,""start_time"":1711292152,""end_time"":1711295044,""proto_type"":1,""sport_type"":1,""duration"":2892,""distance"":10027,""calories"":585,""max_pace"":192,""min_pace"":1594,""avg_pace"":288,""max_speed"":18.6768,""steps"":7672,""max_cadence"":10440,""avg_cadence"":159,""avg_hrm"":110,""max_hrm"":168,""min_hrm"":81,""rise_height"":0,""fall_height"":0,""avg_height"":136,""max_height"":136,""min_height"":136}",1713360428
6598522265,xiaomisports_app,outdoor_running,1711547520,running,"{""time"":1711547520,""timezone"":4,""version"":1,""start_time"":1711547520,""end_time"":1711550587,""proto_type"":1,""sport_type"":1,""duration"":3061,""distance"":10032,""calories"":810,""max_pace"":197,""min_pace"":4184,""avg_pace"":305,""max_speed"":18.1908,""steps"":7895,""max_cadence"":10320,""avg_cadence"":155,""avg_hrm"":169,""max_hrm"":188,""min_hrm"":95,""rise_height"":0,""fall_height"":0,""avg_height"":134,""max_height"":136,""min_height"":132}",1713360428
6598522265,xiaomisports_app,outdoor_running,1711892804,running,"{""time"":1711892804,""timezone"":4,""version"":1,""start_time"":1711892804,""end_time"":1711895885,""proto_type"":1,""sport_type"":1,""duration"":3082,""distance"":10025,""calories"":785,""max_pace"":170,""min_pace"":2375,""avg_pace"":307,""max_speed"":21.0816,""steps"":7913,""max_cadence"":10800,""avg_cadence"":154,""avg_hrm"":170,""max_hrm"":191,""min_hrm"":78,""rise_height"":0,""fall_height"":0,""avg_height"":132,""max_height"":132,""min_height"":132}",1713360427
6598522265,xiaomisports_app,outdoor_running,1712321691,running,"{""time"":1712321691,""timezone"":4,""version"":1,""start_time"":1712321691,""end_time"":1712324795,""proto_type"":1,""sport_type"":1,""duration"":3098,""distance"":10020,""calories"":803,""max_pace"":196,""min_pace"":2197,""avg_pace"":309,""max_speed"":18.2916,""steps"":7927,""max_cadence"":10320,""avg_cadence"":154,""avg_hrm"":172,""max_hrm"":191,""min_hrm"":76,""rise_height"":0,""fall_height"":0,""avg_height"":147,""max_height"":153,""min_height"":141}",1713360427
6598522265,xiaomisports_app,outdoor_running,1712427047,running,"{""time"":1712427047,""timezone"":4,""version"":1,""start_time"":1712427047,""end_time"":1712429192,""proto_type"":1,""sport_type"":1,""duration"":2144,""distance"":7162,""calories"":562,""max_pace"":194,""min_pace"":1628,""avg_pace"":299,""max_speed"":18.525599,""steps"":5713,""max_cadence"":10680,""avg_cadence"":159,""avg_hrm"":174,""max_hrm"":193,""min_hrm"":105,""rise_height"":0,""fall_height"":0,""avg_height"":157,""max_height"":157,""min_height"":157}",1713360426
6598522265,xiaomisports_app,outdoor_running,1712506415,running,"{""time"":1712506415,""timezone"":4,""version"":1,""start_time"":1712506415,""end_time"":1712509367,""proto_type"":1,""sport_type"":1,""duration"":2952,""distance"":10030,""calories"":717,""max_pace"":195,""min_pace"":4566,""avg_pace"":294,""max_speed"":18.396,""steps"":7856,""max_cadence"":11040,""avg_cadence"":159,""avg_hrm"":175,""max_hrm"":193,""min_hrm"":118,""rise_height"":0,""fall_height"":0,""avg_height"":140,""max_height"":140,""min_height"":140}",1713360425
6598522265,xiaomisports_app,outdoor_running,1712674925,running,"{""time"":1712674925,""timezone"":4,""version"":1,""start_time"":1712674925,""end_time"":1712678166,""proto_type"":1,""sport_type"":1,""duration"":3206,""distance"":10020,""calories"":838,""max_pace"":215,""min_pace"":3225,""avg_pace"":319,""max_speed"":16.6716,""steps"":0,""max_cadence"":0,""avg_cadence"":0,""rise_height"":0,""fall_height"":0,""avg_height"":157.5,""max_height"":174,""min_height"":141}",1713360425
6598522265,xiaomisports_app,outdoor_running,1713110255,running,"{""time"":1713110255,""timezone"":4,""version"":1,""start_time"":1713110255,""end_time"":1713113300,""proto_type"":1,""sport_type"":1,""duration"":3046,""distance"":10047,""calories"":841,""max_pace"":148,""min_pace"":5649,""avg_pace"":303,""max_speed"":24.242401,""steps"":0,""max_cadence"":0,""avg_cadence"":0,""rise_height"":0,""fall_height"":0,""avg_height"":148,""max_height"":148,""min_height"":148}",1713360424
6598522265,xiaomiwear_app,outdoor_running,1713719002,running,"{""avg_height"":0.0,""calories"":469,""distance"":7367,""duration"":2147,""end_time"":1713721151,""forefoot_landing_duration"":0,""golpe_landing_duration"":0,""heel_landing_duration"":0,""hrm_aerobic_duration"":0,""hrm_anaerobic_duration"":0,""hrm_extreme_duration"":0,""hrm_fat_burning_duration"":0,""hrm_warm_up_duration"":0,""max_cadence"":186,""max_height"":0.0,""max_hrm"":0,""max_speed"":21.0,""min_height"":0.0,""min_hrm"":0,""proto_type"":22,""sport_type"":1,""start_time"":1713719002,""steps"":5579,""time"":1713719002,""training_experience"":3,""timezone"":8,""version"":1}",1713828202
6598522265,xiaomiwear_app,outdoor_running,1713884970,running,"{""avg_height"":0.0,""calories"":648,""distance"":10177,""duration"":2894,""end_time"":1713887866,""max_cadence"":204,""max_height"":0.0,""max_pace"":0,""max_speed"":20.0,""min_height"":0.0,""min_pace"":1274,""proto_type"":22,""sport_type"":1,""start_time"":1713884970,""steps"":7896,""time"":1713884970,""timezone"":8,""version"":5}",1713887868
6598522265,xiaomiwear_app,outdoor_running,1713976759,running,"{""avg_height"":0.0,""calories"":645,""distance"":10182,""duration"":2872,""end_time"":1713979633,""max_cadence"":198,""max_height"":0.0,""max_pace"":163,""max_speed"":22.0,""min_height"":0.0,""min_pace"":725,""proto_type"":22,""sport_type"":1,""start_time"":1713976759,""steps"":7884,""time"":1713976759,""timezone"":8,""version"":5}",1713979634
6598522265,xiaomiwear_app,outdoor_running,1714153723,running,"{""avg_height"":0.0,""calories"":452,""distance"":7209,""duration"":2369,""end_time"":1714326276,""max_cadence"":192,""max_height"":0.0,""max_pace"":169,""max_speed"":21.0,""min_height"":0.0,""min_pace"":1856,""proto_type"":22,""sport_type"":1,""start_time"":1714153723,""steps"":5664,""time"":1714153723,""timezone"":8,""version"":5}",1714326282
6598522265,xiaomiwear_app,outdoor_running,1714326300,running,"{""avg_height"":0.0,""calories"":662,""distance"":10183,""duration"":3064,""end_time"":1714329365,""forefoot_landing_duration"":0,""golpe_landing_duration"":0,""heel_landing_duration"":0,""hrm_aerobic_duration"":0,""hrm_anaerobic_duration"":0,""hrm_extreme_duration"":0,""hrm_fat_burning_duration"":0,""hrm_warm_up_duration"":0,""max_cadence"":192,""max_height"":0.0,""max_hrm"":0,""max_speed"":19.0,""min_height"":0.0,""min_hrm"":0,""proto_type"":22,""sport_type"":1,""start_time"":1714326300,""steps"":8064,""time"":1714326300,""training_experience"":3,""timezone"":8,""version"":1}",1714336321
6598522265,xiaomiwear_app,outdoor_running,1714758030,running,"{""avg_height"":0.0,""calories"":549,""distance"":8446,""duration"":2554,""end_time"":1714760587,""max_cadence"":198,""max_height"":0.0,""max_pace"":202,""max_speed"":17.0,""min_height"":0.0,""min_pace"":1368,""proto_type"":22,""sport_type"":1,""start_time"":1714758030,""steps"":6903,""time"":1714758030,""timezone"":8,""version"":5}",1714760588
6598522265,xiaomiwear_app,outdoor_running,1714761154,running,"{""avg_height"":0.0,""calories"":49,""distance"":794,""duration"":227,""end_time"":1714761384,""max_cadence"":198,""max_height"":0.0,""max_pace"":0,""max_speed"":18.0,""min_height"":0.0,""min_pace"":1218,""proto_type"":22,""sport_type"":1,""start_time"":1714761154,""steps"":629,""time"":1714761154,""timezone"":8,""version"":5}",1714851436
6598522265,xiaomiwear_app,outdoor_running,1714930481,running,"{""avg_height"":0.0,""calories"":80,""distance"":1256,""duration"":418,""end_time"":1714930972,""max_cadence"":251,""max_height"":0.0,""max_pace"":224,""max_speed"":16.0,""min_height"":0.0,""min_pace"":1568,""proto_type"":22,""sport_type"":1,""start_time"":1714930481,""steps"":1020,""time"":1714930481,""timezone"":8,""version"":5}",1714930973
6598522265,xiaomiwear_app,outdoor_running,1715088357,running,"{""avg_height"":0.0,""calories"":657,""distance"":10199,""duration"":3017,""end_time"":1715091376,""max_cadence"":186,""max_height"":0.0,""max_pace"":182,""max_speed"":19.0,""min_height"":0.0,""min_pace"":1935,""proto_type"":22,""sport_type"":1,""start_time"":1715088357,""steps"":7935,""time"":1715088357,""timezone"":8,""version"":5}",1715091379